"ID";"Gender";"Age";"Agegroups";"Income";"Region";"c_0004";"tcc";"tht";"D4_1A";"D4_1B";"CT";"v_762";"v_784";"AS_1";"AS_3";"AP_1";"AP_3";"EPS1";"EPS3";"EPP1";"EPP3";"FPS1";"FPS3";"FPP1";"FPP3";"CPS1";"CPS3";"CPP1";"CPP3";"int1";"int2";"MC1";"MC2";"UT";"D1";"AC1";"CR1";"K1_1";"K1_2";"K1_3";"K1_4";"K1_5";"K1_6";"K1_7";"K1_8";"K1_9";"SN_1";"SN_2";"SN_3";"SNN_2";"WB5";"DN_1";"DN_2";"DN_7";"SO1_3";"CCD_1";"CCD_2";"CCD_3";"SD4";"SD9_1";"SD9_2";"SD9_2a";"SD9_3";"PO1";"PO2";"PO3";"PO4";"PO5";"income_detailed";"SDS_1";"SDS_2";"SDS_3";"SDS_4";"SDS_5";"SDS_6";"SDS_7";"SD5"
11;1;61;4;5;3;1;263;301;6;1;1;1;1;3;5;2;4;3;4;4;4;3;5;2;4;4;3;4;3;6;1;3;4;4;2;8;5;3;2;2;2;2;NA;2;3;2;4;4;2;1;4;1;1;1;4;2;2;2;5;-99;-99;-99;3;4;4;3;2;4;11;5;5;5;2;3;6;5;1
13;2;76;4;1;1;1;211;232;4;4;1;1;1;1;4;1;4;1;3;1;3;1;3;1;3;3;3;3;3;4;4;3;3;5;2;8;1;2;2;3;2;2;2;2;2;2;3;3;3;3;4;4;4;4;5;2;4;2;5;0;0;0;1;3;3;3;3;3;1;4;3;6;2;7;6;5;7
17;1;56;3;4;6;2;51;0;8;6;1;1;-77;1;1;1;1;1;1;1;1;1;1;1;1;4;4;4;4;8;7;3;3;1;1;8;2;1;1;1;1;1;1;1;1;1;1;1;1;5;4;1;1;1;4;4;4;5;5;0;0;0;2;5;5;3;2;3;9;5;4;5;2;5;4;6;1
20;1;64;4;4;3;1;139;184;6;6;1;1;1;4;4;4;4;3;4;4;4;4;4;5;4;3;2;4;2;4;5;4;4;3;2;8;3;3;3;2;2;2;3;3;3;3;3;NA;NA;4;4;1;1;1;4;2;2;2;5;-99;-99;-99;2;5;4;4;3;4;7;4;3;5;2;5;6;5;1
25;1;40;2;5;3;1;111;135;6;6;1;1;1;3;3;3;3;3;3;3;3;3;3;3;3;4;3;4;3;6;6;2;2;4;2;8;5;1;1;2;1;1;1;1;1;1;3;2;2;4;2;1;1;1;4;2;2;2;5;1;-99;1;2;4;3;3;3;3;11;4;4;3;2;5;4;4;1
26;1;67;4;5;6;2;121;0;4;6;1;1;-77;2;5;2;5;2;5;2;5;2;5;2;5;5;2;5;2;3;5;4;4;2;2;8;1;3;2;3;3;2;2;2;2;2;3;3;3;4;3;1;1;1;4;2;2;2;5;0;0;0;1;3;4;3;1;3;9;4;3;4;2;5;5;4;7
28;1;76;4;4;3;2;59;0;4;5;1;1;-77;4;4;2;3;3;4;2;2;4;4;2;2;4;2;4;2;3;4;4;4;4;3;8;2;4;3;4;4;4;3;3;4;4;4;4;3;4;4;1;1;1;4;1;2;1;5;0;0;0;2;5;4;4;99;4;7;5;3;5;5;4;5;5;7
30;2;68;4;1;5;1;112;129;6;6;3;1;1;2;5;1;5;2;4;1;5;1;5;1;5;4;2;4;2;6;6;2;3;2;2;8;2;1;1;1;2;1;1;1;1;1;1;1;1;4;1;1;1;1;4;4;5;4;5;-99;-99;-99;2;99;99;99;99;99;1;7;5;7;2;2;3;5;7
33;1;57;3;5;3;1;120;138;5;5;1;1;1;2;4;1;4;2;4;2;4;2;4;2;4;4;2;4;3;4;4;2;3;3;2;8;3;3;3;2;2;2;3;2;2;2;2;2;2;4;3;1;1;1;4;2;2;2;3;0;0;0;2;4;4;4;4;4;10;4;4;5;2;6;5;5;1
35;1;65;4;4;1;1;85;99;6;6;1;1;1;4;5;4;5;3;3;4;3;4;3;4;4;4;3;4;4;6;6;2;2;4;2;8;1;3;3;3;3;2;3;3;3;1;2;2;2;4;3;1;1;1;4;1;1;2;5;-99;-99;-99;2;4;3;3;3;4;8;5;2;5;2;5;5;4;7
38;2;62;4;4;4;1;85;93;4;6;1;1;1;2;4;1;3;3;3;4;3;3;3;3;3;4;3;4;3;4;6;2;3;1;2;8;2;3;3;3;4;1;3;4;3;2;3;1;2;4;4;1;1;1;4;3;3;4;5;-99;-99;-99;3;4;4;2;4;4;8;5;3;4;2;3;5;3;1
43;2;67;4;4;6;2;303;0;4;4;1;1;-77;1;1;1;1;5;3;5;3;1;1;1;1;5;4;5;5;6;6;1;1;4;2;8;2;2;2;2;2;1;1;2;1;1;1;1;2;5;4;2;1;1;4;2;4;3;5;-99;-99;-99;2;4;4;4;1;4;7;2;1;5;2;6;6;6;7
46;1;52;3;5;6;2;92;0;6;6;1;1;-77;1;4;1;3;2;4;3;3;3;4;2;4;2;4;5;3;6;5;4;4;4;2;8;4;2;2;3;3;2;3;3;4;3;4;4;2;4;4;1;1;1;4;1;1;1;5;-99;-99;-99;1;3;4;2;3;5;9;4;2;2;2;3;6;6;1
47;2;58;3;2;3;2;130;0;4;4;1;1;-77;1;4;1;4;5;4;1;4;1;3;1;4;3;3;4;3;4;4;1;1;4;2;8;2;3;3;3;3;3;3;3;3;3;1;1;1;2;4;1;1;1;4;1;1;1;4;0;0;0;1;4;3;3;3;4;3;2;2;3;2;3;2;3;1
48;1;72;4;3;2;1;77;96;7;4;1;1;1;2;4;2;3;2;4;3;4;2;3;2;4;4;3;4;2;7;4;4;4;2;2;8;1;3;2;2;1;2;1;1;3;1;3;4;3;4;2;1;1;1;4;3;3;3;4;-99;-99;-99;2;4;4;4;3;4;6;5;5;4;2;6;5;5;7
52;1;63;4;1;1;2;90;0;5;3;1;1;-77;2;4;2;4;2;4;3;4;2;4;2;4;4;3;4;3;5;2;2;2;5;3;8;1;2;2;3;3;2;2;3;3;2;4;2;3;4;2;2;1;1;4;2;3;3;4;0;0;0;2;4;3;3;3;4;1;5;5;2;2;4;4;5;6
53;1;56;3;5;5;1;96;112;2;6;1;1;1;1;4;1;3;1;2;1;3;1;4;1;3;4;3;5;3;2;6;3;3;5;2;8;4;3;3;2;2;2;3;1;1;1;2;1;1;4;4;1;1;1;4;2;2;3;4;-99;-99;-99;2;4;4;3;1;4;9;5;4;3;2;5;5;2;1
60;1;51;3;1;2;1;155;177;6;4;1;1;1;2;3;2;3;2;3;2;3;2;4;2;4;4;3;4;3;6;4;3;3;4;2;8;1;2;2;2;2;2;2;2;2;1;2;2;2;3;4;1;1;1;4;3;3;4;5;-99;-99;-99;1;3;4;3;3;3;3;4;5;3;2;4;4;5;1
62;1;71;4;3;4;2;83;0;8;8;1;1;-77;1;1;1;1;1;1;1;1;1;1;1;1;5;5;5;5;8;8;5;5;7;2;8;1;1;1;1;1;1;1;1;1;1;1;1;1;1;3;1;1;1;4;4;5;5;4;0;0;0;2;3;5;4;2;3;6;3;3;5;2;6;6;4;7
64;2;56;3;2;5;1;94;99;2;3;1;1;1;4;4;4;4;4;3;3;4;4;4;4;4;2;3;3;3;3;4;4;4;6;1;8;2;1;1;3;3;3;3;4;3;4;1;1;2;2;3;1;2;2;1;2;1;2;2;0;0;0;2;4;4;4;4;4;5;6;6;6;6;6;5;5;3
66;1;66;4;2;5;2;126;0;7;6;1;1;-77;1;1;1;1;2;2;1;2;1;2;1;2;5;3;5;4;7;6;1;1;1;2;8;1;1;2;1;3;1;2;2;2;1;3;1;1;4;2;1;1;1;4;2;2;2;3;0;0;0;1;5;5;5;1;5;3;4;2;4;2;6;7;4;7
72;2;34;2;5;4;1;113;121;4;4;1;1;1;4;5;4;4;3;3;4;3;4;5;4;4;4;3;4;3;4;4;4;5;4;3;8;2;3;4;3;4;2;3;2;3;3;3;2;2;4;3;1;1;1;4;1;1;1;5;0;0;0;2;4;4;3;4;5;10;3;4;5;2;5;5;6;1
74;1;52;3;5;3;1;234;246;7;4;1;1;1;1;1;1;2;1;1;3;1;1;1;1;1;5;4;5;5;7;5;1;1;7;2;8;3;3;2;4;4;2;1;1;1;4;1;1;1;5;2;2;1;1;4;1;3;5;5;-99;1;-99;4;5;4;4;2;4;11;2;3;6;2;4;4;6;1
79;2;67;4;5;6;2;87;0;2;4;1;1;-77;4;5;4;5;4;5;5;5;5;5;5;5;3;2;5;1;4;5;2;4;3;3;8;5;3;3;3;3;3;3;3;3;3;3;4;4;4;4;1;1;1;5;1;1;1;4;0;0;0;2;4;5;3;3;5;10;5;2;7;2;7;5;5;7
89;2;33;2;4;4;2;149;0;5;7;1;1;-77;3;5;2;3;4;3;4;4;3;3;4;3;4;3;5;4;4;6;2;3;3;1;8;5;1;1;1;1;1;1;2;3;1;3;2;2;5;4;1;1;1;4;1;1;1;4;-99;-99;1;1;4;4;99;99;4;10;6;5;5;2;3;3;6;1
91;1;64;4;3;2;2;284;0;7;4;1;1;-77;2;5;2;5;2;5;2;5;1;5;1;5;5;3;3;3;7;4;3;3;3;2;8;1;3;3;3;4;4;3;4;4;4;3;3;3;3;2;4;1;1;4;2;1;1;3;0;0;0;2;4;4;3;3;4;6;3;3;5;2;5;5;5;7
93;1;59;3;5;4;1;109;126;6;6;1;1;1;1;2;2;3;1;1;2;3;1;3;1;3;4;3;5;4;6;6;2;2;4;2;8;3;3;3;3;3;3;3;2;4;2;3;2;2;5;2;1;1;1;4;3;2;4;5;0;0;0;2;99;99;99;99;99;99;4;4;6;2;5;5;4;2
96;1;63;4;2;2;1;109;118;6;6;1;1;1;1;5;1;5;2;5;2;5;1;5;1;5;5;1;5;1;6;6;3;3;4;2;8;2;3;3;3;3;3;3;3;3;3;2;2;2;5;3;1;1;1;4;3;3;3;3;0;0;0;2;3;4;3;3;4;4;4;4;5;2;6;6;4;7
99;2;29;1;5;3;1;52;58;6;6;1;1;1;2;5;1;4;2;4;4;4;1;4;1;4;4;3;4;3;5;5;2;2;5;3;8;3;3;3;2;4;3;2;2;3;2;2;3;4;4;4;1;1;1;4;3;2;3;5;0;0;1;2;3;4;3;4;3;10;5;5;4;2;6;3;5;1
101;1;63;4;5;5;1;87;99;4;4;1;1;1;4;4;2;4;3;3;4;4;3;3;2;4;4;3;4;4;4;4;3;3;1;2;8;4;3;3;3;2;2;2;4;3;2;1;2;2;4;4;1;1;1;4;2;2;3;5;-99;-99;-99;2;3;4;4;3;3;10;4;3;5;2;4;4;5;1
102;1;49;3;3;5;2;151;0;2;6;1;1;-77;2;4;2;4;1;3;1;4;1;3;1;4;4;2;5;2;2;6;1;1;4;2;8;5;1;1;1;1;1;1;1;1;1;1;2;2;5;3;1;1;1;4;2;2;2;3;-99;-99;-99;2;1;3;3;3;3;5;4;2;5;2;5;5;4;1
103;2;68;4;4;4;2;102;0;6;4;1;1;-77;1;1;1;1;1;1;1;1;1;1;1;1;5;5;5;5;6;6;1;1;7;2;8;4;5;5;5;4;2;3;2;4;2;1;1;2;5;2;2;1;1;4;4;5;5;5;-99;-99;-99;1;5;5;4;4;4;9;5;1;4;2;6;7;5;1
107;1;61;4;2;6;1;534;553;3;2;1;1;1;2;4;2;4;3;4;3;4;2;4;4;4;4;3;4;3;3;3;3;3;3;2;8;2;2;2;3;2;2;2;2;1;2;3;3;3;4;3;2;3;2;4;1;1;1;4;0;0;0;2;4;4;3;3;4;5;4;3;5;2;5;5;5;3
109;1;48;3;5;4;1;140;158;4;4;1;1;1;2;4;2;4;2;5;2;5;3;4;3;4;4;3;4;2;4;4;2;2;4;2;8;5;3;2;1;2;1;1;2;2;1;3;2;4;4;4;1;1;1;4;2;2;4;5;-99;-99;3;2;3;4;3;3;3;11;3;3;5;2;5;5;3;1
110;1;66;4;5;4;1;79;94;2;6;1;1;1;1;1;1;1;1;1;1;1;1;1;1;1;5;3;5;3;3;8;1;1;3;2;8;3;3;3;3;3;1;3;3;3;1;1;1;1;5;4;1;1;1;4;4;4;4;5;0;0;0;2;5;4;1;3;4;11;4;3;5;2;6;6;6;1
115;2;62;4;4;4;1;237;293;5;5;1;1;1;3;5;3;5;3;3;4;4;3;3;3;4;4;3;4;2;6;6;2;3;4;3;8;2;3;3;1;1;1;1;2;2;1;2;2;3;4;3;2;1;1;4;3;2;4;5;-99;-99;-99;2;4;4;3;3;4;8;5;4;6;2;5;6;4;1
119;2;25;1;3;1;1;102;115;6;5;1;1;1;2;4;2;4;2;4;2;4;1;4;2;4;5;2;4;2;5;5;2;3;4;3;8;3;2;2;3;2;2;2;3;3;2;3;2;2;4;4;1;1;1;4;2;2;2;4;-99;-99;-99;1;99;99;99;99;99;6;5;5;4;2;6;7;6;3
120;2;70;4;5;4;1;81;89;2;4;1;1;1;2;4;1;3;2;4;2;4;2;4;2;4;3;3;4;3;3;4;3;3;2;3;8;4;3;3;2;3;1;2;1;1;1;3;2;4;5;4;1;1;1;4;2;3;2;5;0;0;0;2;4;4;4;4;4;10;4;2;5;NA;5;6;5;7
126;2;45;2;4;4;1;144;166;4;4;1;1;1;1;4;1;4;2;3;4;4;1;3;1;3;3;3;4;2;4;4;4;4;4;2;8;1;2;2;2;2;1;1;3;2;1;1;4;1;4;4;1;1;1;4;2;2;3;4;0;2;1;2;4;2;4;2;4;99;3;5;4;2;3;5;6;5
128;2;31;2;5;4;2;104;0;5;6;1;1;-77;3;5;4;5;2;5;4;4;2;5;2;5;4;3;4;3;4;5;2;2;5;2;8;4;1;2;2;2;1;3;4;3;1;3;2;2;4;3;1;1;1;4;1;1;1;5;0;0;0;2;4;4;2;5;4;10;5;6;3;2;3;5;6;1
130;2;63;4;1;1;1;126;151;4;6;1;1;1;3;3;2;2;3;4;3;2;2;3;2;3;4;3;4;4;4;6;4;4;3;3;8;2;3;3;4;4;4;4;4;4;5;4;3;4;4;2;2;1;1;4;2;2;2;5;-99;-99;-99;1;3;4;4;3;4;1;4;4;4;1;4;5;4;2
134;2;47;3;1;4;2;131;0;3;4;1;1;-77;1;3;3;3;3;3;3;3;3;3;3;3;3;3;3;3;2;2;3;3;6;3;8;1;3;3;3;3;3;3;3;3;3;3;3;3;3;3;3;1;3;4;3;3;3;5;0;0;0;4;2;2;3;2;2;1;4;4;5;2;5;5;4;2
139;1;35;2;4;4;2;98;0;6;6;1;1;-77;2;4;2;4;4;4;4;4;2;4;2;3;4;2;4;2;6;6;2;2;6;2;8;4;2;2;2;1;1;2;1;3;1;2;2;1;4;4;1;1;1;4;1;2;2;5;-99;-99;-99;1;3;4;3;3;3;10;6;5;5;2;6;6;5;1
148;1;37;2;5;4;1;33;36;2;4;1;1;1;4;5;4;5;3;3;4;4;4;5;4;4;4;3;2;2;2;3;3;3;6;3;8;2;2;2;2;1;1;1;1;1;1;3;3;3;4;4;1;1;1;4;2;2;3;5;1;0;0;2;4;3;3;3;4;9;4;2;5;2;5;6;4;1
150;2;66;4;1;2;1;237;306;1;3;1;1;1;2;5;2;5;4;5;4;4;4;5;5;4;4;5;5;5;1;5;3;3;6;2;8;4;3;4;4;4;3;3;3;4;4;1;2;4;4;5;3;3;3;4;1;1;5;3;0;0;0;1;NA;4;NA;NA;NA;1;5;5;6;2;6;6;5;7
151;2;53;3;1;2;1;92;110;3;2;1;1;1;1;1;1;2;1;1;1;2;1;1;1;1;5;4;5;4;5;5;1;1;4;2;8;2;2;2;4;4;4;3;2;2;3;3;2;2;4;2;4;4;4;4;4;4;4;4;-99;-99;-99;1;3;4;3;3;2;2;4;2;5;2;5;6;1;1
152;2;34;2;1;3;2;49;0;5;6;1;1;-77;1;5;1;1;1;2;2;2;1;2;2;1;4;4;4;4;6;6;2;2;6;2;8;2;3;3;3;3;3;3;3;3;3;3;3;3;3;3;2;2;2;4;2;2;2;4;-99;-99;2;2;3;3;3;3;3;1;4;6;6;2;6;7;5;5
157;1;58;3;5;2;2;171;0;6;6;1;1;-77;2;4;1;4;4;3;4;4;2;4;1;3;4;3;4;3;6;6;3;3;5;2;8;1;2;1;2;1;2;1;1;3;1;1;1;3;4;4;1;1;1;4;2;3;2;5;0;0;0;2;4;4;3;3;4;10;4;5;5;2;3;5;5;7
159;1;70;4;5;4;2;93;0;6;6;1;1;-77;3;4;2;3;3;3;4;3;3;4;3;4;4;3;4;3;5;5;3;3;6;2;8;3;4;3;3;4;2;3;3;4;3;3;4;3;4;2;1;1;1;4;2;2;4;5;0;0;0;2;5;4;4;2;5;11;5;4;3;2;4;3;5;7
160;1;56;3;4;3;2;110;0;6;6;1;1;-77;1;4;1;3;3;3;3;3;2;3;2;2;4;3;4;3;6;6;2;2;1;2;8;5;1;2;2;2;2;2;1;2;1;1;1;1;5;3;1;1;1;4;1;2;4;5;-99;-99;-99;2;4;3;2;5;3;8;4;4;3;2;5;4;3;1
163;2;49;3;5;3;2;83;0;4;1;1;1;-77;3;4;1;4;2;2;1;3;3;3;1;3;3;3;2;3;4;1;3;3;4;4;8;5;3;3;3;3;1;4;4;4;2;4;3;4;4;4;1;1;1;4;1;1;2;5;-99;-99;1;2;4;5;2;5;4;11;5;5;5;2;6;5;5;1
170;2;24;1;5;2;2;43;0;6;6;1;1;-77;1;4;1;4;3;4;2;4;1;4;1;4;4;3;4;3;6;6;2;3;1;2;8;2;2;2;2;1;1;2;2;2;1;2;1;1;5;2;1;1;1;4;1;1;1;5;-99;-99;-99;2;4;4;4;3;4;8;4;5;5;2;3;5;5;1
172;1;18;1;5;4;2;69;0;5;6;1;1;-77;2;2;2;2;2;2;2;2;2;1;3;4;5;2;2;3;6;6;3;3;1;1;8;3;1;1;1;1;1;1;1;1;1;3;2;2;4;4;1;1;1;4;1;1;1;2;-99;-99;1;4;99;99;99;99;99;11;4;6;3;2;7;5;6;4
174;2;46;3;1;2;1;105;120;5;3;1;1;1;2;5;1;5;1;5;1;5;1;5;1;5;5;1;5;1;5;4;3;3;6;3;8;1;2;1;2;1;1;1;1;1;1;3;4;2;5;3;4;1;1;4;1;1;1;4;-99;-99;1;3;5;3;3;3;4;5;5;3;6;2;7;6;5;1
176;2;35;2;5;2;2;120;0;6;7;1;1;-77;2;4;2;4;2;4;4;4;3;4;2;4;4;2;4;2;6;6;2;2;1;2;8;4;1;1;3;1;1;2;1;2;1;1;1;2;4;2;1;1;1;4;1;1;2;4;-99;-99;1;2;4;3;3;99;4;11;4;5;6;2;6;5;6;2
177;2;67;4;3;4;1;253;278;3;8;1;1;1;1;1;1;2;2;2;2;2;2;2;2;2;5;5;5;5;3;7;3;3;4;3;8;2;2;2;2;2;2;2;2;3;2;4;3;3;4;3;1;2;2;3;2;2;2;5;-99;-99;-99;1;1;3;3;3;4;5;4;4;4;2;6;6;5;1
179;1;23;1;4;3;2;1014;0;4;4;1;1;-77;1;3;1;3;4;2;4;2;1;3;1;3;4;3;4;3;4;4;3;0;1;2;8;3;2;1;1;2;1;1;2;1;1;3;1;1;4;3;1;1;1;4;3;4;2;2;-99;-99;-99;3;1;4;99;99;99;8;5;5;5;2;5;4;5;8
182;1;68;4;2;3;1;102;119;1;6;3;1;1;1;1;1;1;2;2;2;2;1;2;1;2;4;4;4;5;4;6;3;3;2;3;8;2;2;2;2;2;2;1;1;3;1;1;1;1;5;2;1;1;1;4;2;2;3;4;-99;-99;-99;1;4;4;1;5;4;4;4;1;5;2;7;6;1;7
191;2;68;4;3;2;1;501;584;7;5;1;1;1;2;5;2;5;2;5;2;5;1;3;1;5;5;3;5;3;7;4;3;3;3;2;8;1;3;3;3;4;4;3;4;4;4;3;3;3;3;3;1;1;1;4;2;2;5;3;0;0;0;2;4;4;3;3;4;6;3;3;5;2;5;5;5;7
192;2;74;4;1;4;1;283;310;5;6;1;1;1;1;3;1;3;3;3;3;3;2;3;2;3;2;3;2;3;5;6;3;3;4;3;8;1;2;3;3;3;2;3;3;3;4;2;3;2;2;3;4;3;2;4;2;3;3;3;0;0;0;1;2;5;3;3;4;2;2;4;4;2;6;3;4;7
193;1;31;2;4;4;1;65;73;3;5;1;1;1;1;2;1;1;1;1;1;1;1;3;2;3;5;3;5;3;3;6;3;2;4;2;8;2;3;3;1;1;1;2;2;2;1;1;1;1;4;4;2;1;1;4;2;2;3;5;1;-99;-99;1;3;4;3;4;4;11;4;5;5;2;5;5;5;1
195;1;63;4;1;5;2;79;0;4;4;1;1;-77;2;4;2;4;4;4;4;4;2;4;2;4;4;3;4;3;4;4;2;2;2;2;8;1;3;2;2;1;1;2;2;3;3;2;2;2;4;2;4;4;1;4;2;2;3;4;-99;-99;-99;1;4;4;3;3;4;1;4;5;6;2;6;5;5;2
197;1;73;4;4;4;2;114;0;5;2;1;1;-77;1;4;1;2;2;4;2;4;1;4;1;4;5;3;5;3;6;4;1;1;2;3;8;2;1;1;1;1;1;1;1;1;1;1;1;1;4;1;1;1;1;4;1;5;5;5;0;0;0;1;4;4;4;4;3;7;3;3;5;2;4;5;5;3
200;2;32;2;3;4;2;36;0;4;5;1;1;-77;2;4;2;4;2;4;2;4;2;4;2;4;4;3;4;3;3;3;4;4;3;3;8;3;2;2;2;2;2;2;2;2;2;3;3;3;4;4;1;1;1;4;2;2;2;3;-99;-99;-99;1;4;4;3;3;4;5;5;3;5;2;5;5;5;1
203;2;54;3;1;2;2;239;0;7;4;1;1;-77;1;4;1;4;4;4;4;4;2;3;2;3;4;3;4;3;7;4;2;2;4;2;8;1;4;3;2;3;1;3;2;4;3;2;2;1;5;3;1;1;1;4;4;4;5;3;-99;1;-99;1;4;4;3;3;4;3;4;2;5;2;5;5;4;5
210;1;41;2;5;5;2;95;0;5;5;1;1;-77;4;5;2;4;4;4;4;4;4;5;4;4;2;2;2;2;4;4;4;4;6;3;8;4;2;3;3;2;1;2;5;4;2;5;4;3;4;4;1;1;1;4;1;1;1;5;0;0;0;2;4;2;2;4;5;11;4;2;4;2;7;5;5;1
216;2;30;1;5;4;2;75;0;6;6;1;1;-77;4;5;2;4;4;5;2;4;4;5;2;5;4;3;4;2;6;6;2;2;4;2;8;4;2;2;3;3;3;3;2;2;1;3;2;2;5;3;1;1;1;4;2;2;2;5;2;-99;-99;2;4;3;4;3;3;9;6;5;3;2;5;5;7;1
218;2;26;1;3;5;2;59;0;8;8;1;1;-77;1;1;1;1;2;2;2;3;2;3;1;3;2;3;3;2;8;8;2;2;2;3;8;5;2;2;3;3;3;4;3;2;3;2;3;3;3;3;3;3;3;2;3;2;3;4;-99;2;-99;2;3;3;5;3;3;6;3;4;5;2;3;3;4;3
222;2;69;4;4;1;2;96;0;6;6;1;1;-77;2;5;1;5;1;5;2;5;2;5;2;5;5;1;4;1;5;5;4;3;4;2;8;1;3;3;3;4;4;2;2;3;2;3;5;3;5;3;1;1;1;4;1;1;2;5;-99;-99;-99;1;3;5;3;5;5;6;5;3;5;2;4;5;4;3
223;2;70;4;2;4;2;311;0;6;6;1;1;-77;2;1;2;1;2;3;2;3;2;1;2;1;5;3;4;2;5;5;2;2;6;2;8;2;2;3;3;2;1;1;3;4;1;3;2;3;4;3;1;1;1;4;5;2;2;5;-99;-99;2;3;3;4;2;3;4;3;2;3;6;3;7;5;5;7
224;1;44;2;3;2;2;66;0;6;4;1;1;-77;2;3;3;3;3;4;3;4;2;4;4;4;4;2;4;2;6;6;3;3;4;2;8;2;3;3;3;3;3;3;3;3;3;4;4;2;4;4;2;2;2;4;3;3;4;2;0;0;1;2;3;3;3;3;3;5;4;5;5;2;5;3;5;1
228;1;45;2;2;5;1;103;129;5;5;1;1;1;3;4;2;4;3;4;3;4;2;3;2;3;4;2;4;2;6;5;4;4;1;2;8;2;2;2;2;3;2;1;2;2;2;3;4;3;4;4;1;1;1;4;1;1;2;3;-99;-99;-99;2;4;3;3;3;3;5;3;3;4;2;5;5;5;1
232;1;24;1;5;1;2;63;0;4;4;1;1;-77;1;1;1;1;2;2;2;2;1;1;1;1;4;4;4;4;4;4;1;1;3;2;8;3;2;2;3;2;2;3;2;2;2;1;1;1;5;4;1;1;1;4;1;1;1;5;-99;-99;-99;1;3;3;3;3;3;10;3;3;5;2;6;6;4;8
233;1;40;2;3;2;2;92;0;8;4;1;1;-77;1;1;1;1;1;1;1;1;1;1;1;1;5;5;5;5;8;4;1;1;2;1;8;2;4;4;3;2;2;3;3;2;2;1;1;1;5;5;1;1;1;4;4;3;4;4;-99;-99;1;1;4;4;2;2;4;5;6;2;7;2;7;7;7;1
234;1;57;3;1;2;1;94;116;2;7;1;1;1;2;5;3;4;2;4;3;4;3;4;3;4;4;3;4;3;6;4;3;3;6;2;8;1;3;3;1;2;1;2;3;3;2;3;2;2;4;4;2;1;1;4;1;1;1;4;0;0;0;1;4;4;3;3;4;2;5;4;5;2;6;6;5;5
238;1;22;1;5;1;2;88;0;6;6;1;1;-77;2;4;2;2;4;4;4;5;2;4;2;2;4;4;4;2;6;6;5;5;6;2;8;5;3;2;2;1;1;1;1;1;1;3;2;2;5;4;1;1;1;4;1;1;2;3;-99;1;-99;3;2;4;3;3;4;5;3;3;4;2;5;5;5;4
239;2;35;2;2;2;1;117;128;5;1;1;1;1;3;4;2;4;2;5;2;5;2;4;4;4;4;3;5;2;2;2;3;2;3;3;8;4;2;2;2;2;2;2;3;2;2;3;4;4;1;5;1;1;1;4;3;3;3;4;-99;-99;1;1;99;99;99;4;4;2;2;1;6;2;7;7;4;1
241;1;28;1;5;4;2;60;0;5;6;1;1;-77;4;5;1;1;4;4;4;3;5;5;5;5;4;3;4;3;5;6;3;4;3;2;8;1;2;2;2;2;2;2;2;2;2;1;1;1;5;5;1;1;1;4;1;1;1;5;-99;-99;-99;2;3;3;2;4;4;11;5;3;6;2;5;5;6;1
247;1;30;1;3;4;1;107;125;6;6;1;1;1;1;4;1;4;5;4;5;3;1;5;1;4;4;3;4;3;6;6;2;2;5;1;8;2;1;1;1;1;1;1;1;1;1;3;2;3;5;4;1;4;2;4;1;1;1;5;-99;-99;-99;1;3;3;3;3;3;6;6;6;5;2;3;5;6;1
255;1;46;3;5;4;2;106;0;7;6;1;1;-77;1;4;1;4;3;4;3;3;1;3;3;3;5;2;5;3;6;6;3;3;5;2;8;2;1;1;3;1;1;1;1;1;1;2;2;2;2;5;1;1;1;4;2;2;2;99;-99;1;-99;3;99;99;99;99;99;99;5;4;5;2;5;5;5;99
263;1;35;2;4;4;1;67;83;4;4;1;1;1;1;4;1;5;1;5;4;5;1;5;1;5;5;3;5;3;4;4;1;1;2;2;8;4;1;1;1;1;1;1;1;1;1;1;1;1;4;4;1;1;1;4;5;5;5;5;2;-99;-99;2;4;4;4;4;4;7;4;3;6;2;6;6;6;1
269;1;37;2;5;5;2;39;0;4;4;1;1;-77;2;4;1;3;2;3;3;3;3;4;2;3;4;3;4;3;4;4;3;3;3;2;8;4;1;2;2;2;2;1;1;1;1;3;3;2;4;3;1;1;1;4;2;2;2;5;1;-99;-99;2;3;3;3;4;3;10;4;5;5;2;5;4;4;1
286;2;54;3;4;1;1;101;115;6;3;1;1;1;1;4;1;4;2;2;3;4;2;4;2;4;4;3;5;3;6;5;4;4;1;2;8;2;3;3;2;3;3;3;3;3;3;3;3;2;4;2;3;1;1;4;2;2;2;4;-99;-99;-99;2;3;3;3;3;3;5;5;5;6;4;5;5;5;1
290;1;25;1;5;4;2;49;0;5;4;1;1;-77;1;2;1;1;4;2;5;3;1;2;1;2;4;3;5;3;5;4;3;3;4;2;8;4;1;1;1;1;1;1;1;1;3;3;3;3;3;5;2;3;3;3;1;1;1;99;-99;-99;-99;2;3;3;3;3;3;10;5;5;5;2;5;5;5;99
291;1;63;4;5;1;1;115;129;4;4;1;1;1;2;3;2;2;3;2;2;2;1;2;2;2;4;3;4;3;4;4;3;3;3;2;8;4;3;3;3;3;3;3;4;4;2;2;2;2;3;5;1;1;1;4;4;4;4;5;2;-99;-99;4;2;4;4;2;4;11;4;6;6;2;6;6;4;7
292;2;27;1;1;4;2;299;0;6;6;1;1;-77;2;1;2;1;2;2;2;2;2;2;2;2;4;3;5;3;6;6;2;2;1;2;8;2;2;2;3;4;2;2;2;2;1;1;1;2;4;4;1;1;1;4;1;1;1;5;2;-99;-99;2;3;3;3;3;4;8;2;3;5;2;5;6;4;8
297;2;62;4;1;4;2;102;0;1;1;1;1;-77;5;5;1;5;3;5;3;5;3;5;3;5;3;1;5;1;1;1;3;3;4;5;8;2;2;1;1;5;1;1;1;5;1;3;3;5;4;5;1;1;2;4;2;1;1;4;-99;-99;-99;1;1;4;99;1;3;99;4;7;6;4;6;6;4;99
299;2;27;1;5;3;1;73;89;1;1;1;1;1;5;5;5;5;1;5;5;5;5;5;5;5;3;3;2;2;1;1;5;5;6;6;8;2;3;4;2;2;2;3;2;5;2;3;2;2;5;2;1;1;1;4;1;1;1;5;-99;-99;1;3;2;4;99;99;5;11;3;5;2;2;6;6;4;1
302;2;66;4;1;1;1;74;91;2;4;1;1;1;3;4;3;4;3;4;3;4;3;4;3;4;4;3;4;3;2;3;4;4;4;2;8;2;2;2;2;2;2;2;2;4;2;3;3;3;3;3;1;1;1;4;2;2;2;3;-99;-99;-99;1;3;3;3;3;3;1;5;5;4;3;5;5;5;1
307;1;54;3;3;4;1;109;129;4;4;1;1;1;2;5;2;3;2;4;3;3;2;3;2;3;4;3;4;4;4;4;3;3;3;2;8;2;3;3;3;3;2;3;3;3;1;3;3;2;4;1;2;1;1;4;3;1;1;3;0;0;0;2;3;4;3;3;4;6;4;5;5;2;4;5;5;1
310;2;46;3;5;5;1;87;101;5;5;1;1;1;2;5;2;5;2;4;4;4;2;4;2;4;3;3;4;3;5;6;3;3;3;2;8;2;2;2;1;1;1;1;1;1;1;2;4;2;4;4;1;1;1;4;2;2;2;5;-99;-99;-99;1;2;4;3;3;4;11;3;3;5;2;5;5;5;1
311;2;53;3;2;6;1;183;199;5;5;1;2;1;2;5;2;5;1;5;1;5;1;5;1;5;4;1;4;1;5;5;4;4;7;3;8;4;3;2;3;2;1;2;2;4;2;2;2;2;5;3;1;4;1;4;5;3;1;5;-99;1;-99;1;3;3;3;3;3;3;3;5;5;2;4;6;3;7
314;2;30;1;3;5;2;65;0;4;2;1;1;-77;2;4;1;4;4;4;3;4;1;4;1;4;5;3;5;4;4;2;3;3;3;2;8;2;4;3;2;2;2;3;2;3;3;3;3;3;4;2;2;1;1;4;2;3;2;4;-99;-99;-99;2;99;99;99;99;99;6;5;5;4;2;5;6;3;1
315;2;28;1;4;4;1;41;46;3;4;1;1;1;1;4;1;4;3;3;3;3;1;4;1;4;3;3;2;3;3;4;2;2;7;3;8;1;1;1;1;1;1;1;1;1;1;3;3;3;4;4;1;1;1;4;3;3;NA;5;-99;-99;-99;1;3;4;3;3;2;99;4;4;4;2;5;6;5;1
343;1;29;1;5;4;1;68;75;6;7;1;1;1;1;1;1;1;4;3;4;4;1;1;1;1;4;3;4;3;6;7;1;1;2;2;8;4;1;1;3;1;1;2;1;2;1;1;1;2;5;4;1;1;1;4;3;4;4;3;-99;-99;-99;2;5;1;4;2;3;11;4;1;3;2;5;5;5;1
352;2;27;1;3;4;1;68;197;2;2;1;1;1;5;4;5;4;5;5;4;4;5;5;4;4;3;3;2;4;2;2;3;4;6;4;8;4;3;3;3;3;3;3;3;3;3;2;2;1;2;3;2;2;2;4;1;1;1;5;-99;-99;-99;2;4;4;4;3;4;4;4;3;5;2;6;5;5;2
367;1;22;1;5;4;2;157;0;5;6;1;1;-77;4;4;3;3;3;4;3;4;4;2;3;2;4;3;4;3;5;6;1;2;2;2;8;2;2;2;2;2;2;3;2;3;2;3;2;2;4;4;1;1;1;4;3;3;3;3;-99;-99;-99;2;3;3;3;3;3;11;4;3;4;2;5;4;4;1
398;1;26;1;2;6;1;99;111;5;5;1;1;1;3;4;2;2;4;4;2;3;3;4;2;3;3;3;4;3;5;5;3;3;4;2;8;4;1;2;2;2;3;3;2;2;2;3;3;2;4;3;2;3;2;4;3;2;3;5;-99;-99;-99;1;3;3;3;3;4;4;4;5;6;2;5;6;4;1
402;1;27;1;5;3;1;63;73;1;1;1;1;1;5;5;3;3;5;5;5;5;5;5;5;5;5;1;3;1;1;1;5;5;4;6;8;2;4;3;2;2;2;2;2;2;2;5;4;5;3;4;1;1;1;4;1;1;1;5;0;0;0;2;4;3;4;2;4;11;6;6;7;2;5;6;6;1
407;1;28;1;3;3;1;100;134;3;6;1;1;1;1;3;1;1;2;1;3;4;2;3;1;3;4;4;4;4;3;4;2;3;6;2;8;1;1;1;1;1;1;1;1;1;1;3;3;3;5;4;1;1;1;4;1;1;2;2;-99;-99;-99;4;5;3;4;3;4;7;6;1;3;4;5;4;1;1
410;2;30;1;5;4;2;71;0;5;8;1;1;-77;2;4;2;3;1;2;2;3;2;2;2;3;4;3;4;3;5;8;1;1;6;1;8;1;3;2;2;1;1;2;1;3;1;1;4;4;4;2;1;1;1;4;1;1;2;3;-99;-99;-99;2;3;3;2;4;4;9;3;6;4;2;4;4;5;3
418;2;26;1;3;4;2;63;0;3;4;1;1;-77;4;5;4;4;4;4;4;5;4;4;4;4;3;3;4;3;3;3;3;3;4;3;8;2;2;1;1;1;1;1;1;3;1;4;1;1;4;4;1;1;1;4;2;5;1;5;-99;-99;-99;1;1;4;2;4;3;5;2;6;5;2;3;3;5;1
423;2;29;1;5;4;1;92;105;6;2;1;1;1;1;2;1;1;3;4;3;3;2;2;2;2;4;2;4;4;5;2;2;2;6;2;8;3;1;1;1;1;1;1;1;1;1;1;1;1;4;5;1;1;1;4;3;4;3;5;-99;-99;1;2;4;4;3;4;4;99;4;4;6;4;7;5;5;1
457;2;24;1;5;5;1;73;88;6;5;1;1;1;2;4;2;4;4;2;4;4;2;4;2;4;4;3;4;3;5;5;2;2;4;2;8;3;2;1;1;3;1;1;1;3;1;1;1;1;5;2;3;2;1;4;1;1;1;3;1;-99;-99;2;4;4;4;2;4;10;5;5;2;2;6;5;6;1
477;2;29;1;5;4;1;49;58;6;5;1;1;1;4;4;2;4;5;3;5;3;2;4;1;3;4;3;5;3;4;4;4;4;6;2;8;1;2;2;1;3;2;2;1;1;3;1;2;2;4;4;2;3;1;4;1;1;1;5;-99;-99;-99;1;5;4;3;5;5;11;5;5;3;2;6;7;6;1
499;2;29;1;5;1;2;117;0;6;6;1;1;-77;2;4;2;4;2;4;2;4;3;4;2;4;4;3;4;3;5;6;2;2;3;2;8;1;1;1;2;1;1;1;3;3;1;2;2;2;4;4;1;1;1;4;4;2;2;3;2;-99;1;2;3;3;3;3;3;99;5;3;4;2;5;6;4;1
504;2;29;1;5;1;2;102;0;3;4;1;1;-77;1;4;1;2;2;2;3;4;2;4;1;2;5;3;5;2;6;4;4;4;4;2;8;1;2;2;1;1;1;2;1;1;1;1;2;1;5;4;2;2;3;4;1;1;1;3;-99;-99;-99;2;3;4;2;3;4;11;5;3;5;2;5;5;5;5
508;2;20;1;3;2;1;129;151;5;1;1;1;1;2;4;2;5;4;4;5;4;2;4;3;5;4;3;4;4;4;5;3;3;3;3;8;1;1;1;1;1;1;1;1;1;1;2;2;2;4;4;3;3;4;4;1;1;1;3;-99;-99;-99;3;2;5;1;5;4;6;4;4;5;2;3;3;4;4
511;2;22;1;3;3;2;90;0;5;2;1;1;-77;1;3;3;3;1;3;1;4;1;3;1;3;4;2;5;2;6;2;1;1;7;2;8;3;2;2;2;2;2;2;3;3;2;3;1;1;4;4;1;1;1;4;1;2;3;3;0;0;0;2;3;3;1;2;3;1;2;2;3;2;5;6;5;4
513;2;25;1;4;6;1;148;265;5;4;1;1;1;3;5;4;5;4;4;4;4;2;5;2;5;4;3;4;3;5;5;4;5;6;2;8;2;2;2;3;3;2;2;2;3;2;3;4;3;4;2;2;1;1;4;1;1;2;5;0;0;0;3;5;5;4;4;5;6;6;5;4;2;5;6;6;3
519;1;30;1;4;5;2;154;0;6;5;1;1;-77;2;4;1;4;2;4;4;4;2;4;2;4;4;3;4;3;6;4;2;2;1;2;8;1;1;3;2;3;1;3;1;1;1;1;2;2;4;3;1;1;1;4;2;2;2;5;1;-99;-99;2;4;4;2;4;4;7;5;4;5;2;5;5;2;1
526;1;27;1;3;3;1;135;157;4;4;1;1;1;1;5;1;5;1;5;1;5;1;5;1;5;5;3;5;3;4;4;2;4;4;3;8;1;2;2;1;1;1;2;1;4;1;3;4;5;5;4;2;2;1;4;1;1;1;3;2;-99;-99;2;4;4;2;3;3;6;5;5;3;2;6;7;5;1
534;2;30;1;4;4;1;95;113;1;7;1;1;1;1;1;1;1;2;2;2;2;1;1;1;1;4;2;5;5;2;6;2;2;4;2;8;5;1;1;1;1;1;1;1;1;1;3;2;2;4;5;1;1;1;4;2;1;1;5;1;-99;-99;2;99;99;99;99;99;99;4;6;4;2;6;7;5;1
558;2;24;1;1;4;1;106;124;2;6;1;1;1;2;4;2;5;5;2;5;4;1;3;1;4;5;2;5;1;3;6;3;3;3;2;8;2;1;1;3;2;2;2;3;2;2;2;4;3;5;4;3;4;1;4;2;2;2;5;-99;-99;-99;2;3;3;3;3;4;1;5;3;5;2;5;5;4;1
565;2;23;1;1;1;2;121;0;2;5;1;1;-77;4;3;4;3;3;4;3;4;2;3;3;3;3;2;2;4;3;5;3;3;4;2;8;3;2;4;3;4;4;4;3;3;4;3;3;3;5;3;3;3;2;3;3;3;3;4;-99;-99;-99;2;3;3;3;3;3;2;5;4;5;5;4;6;5;1
568;1;28;1;5;6;2;86;0;1;1;1;1;-77;5;5;5;5;1;1;5;4;5;5;5;5;3;3;4;1;1;1;5;5;6;6;8;2;4;4;4;5;4;4;4;4;4;3;4;4;4;4;1;1;1;4;1;1;1;5;0;0;0;2;5;4;2;4;5;11;3;2;5;2;6;5;6;1
570;2;21;1;3;4;2;110;0;5;6;1;1;-77;1;5;1;5;1;5;2;4;1;5;3;3;3;4;3;4;6;6;2;3;4;2;8;2;1;1;1;1;1;1;1;1;1;2;2;2;3;5;2;1;1;4;1;1;1;3;-99;-99;-99;2;2;4;4;3;4;99;4;3;5;3;4;5;5;4
571;2;21;1;3;6;1;84;98;6;2;1;1;1;3;4;2;3;2;4;3;2;3;4;3;4;4;3;4;4;6;2;3;3;1;2;8;4;2;2;2;2;1;3;2;2;1;3;3;3;3;3;1;1;1;4;1;1;1;5;-99;-99;-99;2;3;3;3;3;3;5;5;5;5;2;4;6;5;4
581;1;25;1;1;6;1;64;79;3;2;1;1;1;3;4;4;4;3;3;3;3;3;4;3;4;4;4;3;4;2;2;4;4;1;2;8;2;3;3;3;4;2;2;2;3;2;3;3;2;3;4;2;2;3;3;3;3;2;3;-99;-99;-99;2;3;3;3;3;2;6;6;5;5;2;5;5;5;1
619;2;29;1;2;2;1;159;177;5;5;1;1;1;2;4;3;4;3;4;2;3;2;4;2;4;4;2;4;2;4;4;4;4;4;2;8;4;2;2;4;2;2;1;2;2;1;3;3;2;4;4;4;1;1;4;1;2;2;5;1;-99;-99;2;4;4;3;4;4;3;4;3;5;2;5;6;6;1
623;2;30;1;3;3;2;186;0;4;6;1;1;-77;1;2;1;1;1;1;1;1;1;1;1;1;5;1;5;1;6;6;1;1;7;2;8;5;3;4;4;4;4;4;4;4;4;1;1;1;1;4;4;4;4;5;2;3;2;5;1;0;0;2;3;3;3;3;3;5;4;7;4;2;6;5;6;1
633;2;29;1;2;4;2;135;0;6;5;1;1;-77;1;2;1;1;1;1;2;3;1;2;1;1;5;3;5;4;6;6;1;1;7;2;8;5;3;1;1;1;1;2;2;2;1;1;1;1;5;4;4;1;1;4;5;5;5;3;-99;-99;-99;2;5;3;3;3;3;4;3;2;4;2;6;6;5;1
657;2;24;1;1;3;2;87;0;2;1;1;1;-77;3;3;3;3;3;3;3;3;3;3;3;3;4;3;3;3;3;1;3;3;1;2;8;3;3;3;3;3;2;3;2;3;2;4;3;2;3;3;2;2;2;4;4;2;2;4;-99;-99;1;1;4;4;4;99;4;1;3;3;3;2;5;6;2;6
659;2;28;1;5;4;2;1017;0;6;6;1;1;-77;1;5;1;5;4;5;2;4;1;5;1;5;5;2;5;1;6;6;3;3;6;2;8;2;2;2;3;3;2;2;2;2;2;1;2;1;5;4;1;1;1;4;1;1;1;5;1;-99;-99;2;3;4;2;3;4;9;5;3;5;2;6;6;5;1
666;1;24;1;3;6;2;108;0;6;6;1;1;-77;1;1;1;1;1;1;1;1;1;1;1;1;5;5;5;5;6;6;1;1;7;2;8;3;3;3;1;1;1;2;2;3;1;1;1;1;5;4;2;1;1;4;3;4;4;3;-99;-99;-99;1;4;2;4;2;3;6;3;5;4;2;6;5;2;1
667;2;23;1;5;5;2;49;0;6;6;1;1;-77;4;5;2;2;4;4;4;4;4;5;2;4;4;3;4;3;4;5;2;2;4;2;8;3;2;1;2;3;1;1;1;3;2;2;2;2;5;2;4;1;1;4;2;2;2;5;0;0;0;5;5;4;4;3;4;11;3;3;2;2;3;5;5;6
688;2;30;1;5;4;2;61;0;2;6;1;1;-77;3;5;2;4;2;4;2;4;2;4;3;4;4;3;4;3;2;4;3;4;4;2;8;4;2;2;2;2;2;2;2;2;2;3;4;4;4;4;1;1;1;4;1;1;2;5;1;-99;-99;2;4;4;2;3;4;10;2;5;5;2;5;5;5;1
713;1;23;1;5;4;1;77;92;6;6;1;1;1;1;4;1;4;1;2;1;2;1;4;1;3;5;3;5;3;6;6;2;1;3;2;8;1;1;1;3;3;1;1;2;3;1;3;4;4;5;5;1;1;1;4;1;1;1;3;-99;-99;-99;2;3;5;3;3;5;9;5;5;5;2;5;5;5;1
722;2;30;1;5;4;2;77;0;6;6;1;1;-77;2;5;2;4;4;4;4;4;2;4;2;4;4;3;4;3;5;6;2;2;4;2;8;3;2;2;2;2;2;2;2;1;1;2;2;2;5;4;1;1;1;4;1;1;1;5;1;-99;1;2;4;4;3;3;4;11;6;4;3;2;5;5;4;1
729;1;28;1;5;4;1;95;107;3;7;1;1;1;1;4;1;4;4;2;4;2;1;3;1;3;5;5;5;5;3;7;1;1;7;2;8;4;5;5;3;3;1;3;4;5;1;2;2;2;3;4;1;1;1;4;1;3;3;5;-99;-99;-99;2;2;2;2;2;2;9;1;4;4;2;7;7;6;1
731;1;28;1;4;4;1;77;94;3;6;1;1;1;2;4;2;4;2;2;2;2;2;3;2;3;4;3;4;3;4;6;2;2;3;2;8;4;1;2;1;2;1;2;1;4;1;2;2;2;5;5;1;1;1;4;2;2;4;3;-99;-99;-99;2;4;4;2;3;4;11;5;3;5;2;3;3;5;6
733;1;51;3;5;5;1;71;80;6;4;1;1;1;2;4;2;4;2;4;2;4;2;4;2;4;4;2;4;2;6;4;4;4;2;2;8;1;2;2;1;2;1;2;3;3;1;4;4;4;4;2;1;1;1;4;1;1;1;4;0;0;0;2;4;4;2;3;4;10;3;2;6;2;6;6;6;1
763;1;30;1;5;6;2;130;0;6;4;1;1;-77;2;4;2;4;3;4;2;4;4;5;2;4;4;2;4;2;4;4;2;2;4;2;8;2;2;2;2;2;2;2;2;2;2;3;3;2;4;3;2;1;1;4;1;1;1;3;1;0;0;2;4;3;3;3;4;9;4;3;3;2;5;5;4;1
789;1;23;1;3;4;2;169;0;5;2;1;1;-77;2;3;2;3;2;4;2;4;2;4;2;4;3;3;4;3;5;2;3;4;5;2;8;3;3;2;2;2;2;3;4;4;3;3;3;3;4;5;2;2;1;4;2;2;2;5;-99;-99;-99;3;3;5;3;3;4;1;5;5;7;2;7;7;4;4
816;2;24;1;1;1;2;84;0;4;5;1;1;-77;2;3;2;2;2;2;3;2;3;2;4;2;3;2;3;4;5;3;2;2;1;2;8;2;3;2;3;3;3;2;4;4;4;4;2;2;2;3;3;2;4;3;3;4;4;2;3;3;3;3;2;3;3;3;3;1;4;4;4;2;4;4;5;6
829;2;29;1;4;3;1;52;63;3;5;1;1;1;2;5;1;5;1;4;1;4;2;5;1;5;5;3;5;3;2;5;2;2;4;4;8;4;2;1;1;2;1;1;1;1;1;1;2;1;2;5;2;1;1;4;1;3;4;5;-99;1;-99;4;3;4;3;3;4;8;5;4;5;2;5;3;6;1
858;1;25;1;3;4;2;46;0;3;3;1;1;-77;1;1;1;1;4;4;4;4;1;1;1;1;5;3;5;3;6;6;2;2;2;2;8;4;2;2;3;3;1;2;2;3;1;1;1;1;4;4;1;1;1;4;2;3;4;3;-99;-99;-99;2;5;4;4;3;3;6;4;6;4;2;5;5;5;1
861;1;23;1;4;4;2;102;0;6;1;1;1;-77;4;5;2;3;2;1;4;4;4;5;4;3;4;3;5;3;6;1;2;2;2;2;8;2;1;2;2;2;1;2;1;5;1;1;2;2;4;5;1;1;1;4;1;1;1;5;-99;-99;-99;2;4;5;2;5;5;7;7;7;6;2;5;6;6;1
867;1;29;1;4;4;1;188;198;6;6;1;1;1;1;3;2;3;2;3;3;3;2;3;2;3;4;3;4;3;6;6;2;3;5;2;8;3;1;1;3;1;2;2;1;1;2;3;2;2;4;4;1;1;1;4;1;2;1;5;-99;-99;-99;1;3;4;3;4;3;7;4;2;5;2;5;6;5;1
868;1;23;1;5;4;1;67;85;6;6;1;1;1;2;4;2;4;3;4;4;3;2;4;2;4;4;2;4;2;5;5;1;1;4;2;8;3;2;2;2;2;2;2;2;2;2;2;2;2;4;3;1;1;1;4;2;3;4;5;1;-99;-99;2;4;4;4;3;4;11;5;4;4;2;4;4;5;1
869;2;28;1;5;3;1;79;94;6;5;1;1;1;4;4;4;4;2;4;2;4;3;4;3;4;4;3;4;3;6;5;2;2;4;2;8;4;3;3;3;3;2;3;3;3;2;1;1;1;1;4;1;1;1;4;1;1;1;5;1;-99;-99;2;4;4;3;3;4;9;5;4;5;2;5;5;5;1
871;2;29;1;5;6;2;88;0;6;5;1;1;-77;3;5;4;5;4;4;4;5;4;4;4;5;4;4;5;2;6;5;2;2;6;2;8;2;1;1;1;3;1;1;2;2;1;1;1;1;5;1;1;1;1;4;2;2;2;5;2;-99;-99;2;5;4;99;99;4;9;5;6;6;2;6;6;7;2
876;1;27;1;5;4;2;103;0;6;5;1;1;-77;1;2;1;2;1;2;1;2;2;3;3;3;5;4;5;4;6;6;1;1;2;2;8;1;1;1;1;1;1;1;1;1;1;3;1;1;3;3;1;2;1;4;3;2;4;5;-99;-99;-99;2;3;3;3;3;3;10;4;3;4;2;6;2;2;1
892;1;25;1;5;4;1;94;110;6;6;1;1;1;4;1;2;1;3;3;4;4;3;2;1;1;4;2;5;2;5;8;3;4;4;1;8;2;1;1;1;1;1;1;1;1;1;1;2;2;4;4;1;1;1;4;2;3;4;3;0;0;0;3;2;4;3;3;2;11;4;2;5;2;5;5;3;1
893;1;25;1;4;1;2;83;0;6;5;1;1;-77;2;5;3;5;1;4;4;4;2;3;2;4;4;2;5;2;6;5;1;2;6;2;8;3;2;2;2;2;1;2;2;2;1;1;4;3;5;5;1;1;1;4;1;1;2;4;1;-99;1;2;3;99;99;99;4;8;5;1;7;2;7;7;5;1
900;1;25;1;4;3;2;107;0;5;6;1;1;-77;4;5;4;4;2;4;2;4;4;3;3;3;4;2;4;2;6;6;3;4;4;2;8;2;3;3;3;3;2;3;4;4;3;2;2;2;4;4;2;1;1;4;1;1;1;5;-99;-99;-99;1;3;4;2;4;5;8;5;6;4;2;3;3;6;1
912;1;24;1;3;4;2;82;0;5;6;1;1;-77;1;2;1;2;5;3;5;4;1;3;1;2;4;3;5;3;5;6;1;3;5;2;8;2;1;1;1;1;1;2;1;1;2;3;3;2;5;4;1;1;1;4;1;1;1;5;-99;-99;-99;2;2;2;1;4;4;5;5;2;7;2;6;5;6;4
918;2;29;1;5;3;1;55;72;6;6;1;1;1;1;4;1;4;2;4;3;4;1;4;1;4;4;3;5;3;6;6;2;3;4;2;8;5;2;2;2;2;2;1;1;1;1;2;2;2;5;4;1;1;1;4;2;2;2;5;1;-99;-99;2;99;99;4;99;4;8;4;3;5;2;5;5;5;1
921;2;30;1;5;4;1;1197;1209;2;6;1;1;1;4;5;2;4;4;4;4;4;3;5;3;5;4;3;4;3;2;6;4;4;2;2;8;2;2;2;2;3;1;2;2;3;2;3;3;3;5;4;1;1;1;4;1;1;2;5;-99;-99;-99;3;3;3;2;4;4;11;5;3;3;2;4;6;5;1
927;1;29;1;2;4;2;51;0;2;2;3;1;-77;2;4;2;2;3;4;4;4;2;4;4;4;3;4;4;4;1;1;4;4;2;6;8;2;2;3;3;4;4;2;3;4;3;3;3;3;4;3;2;3;2;3;4;4;4;2;-99;-99;-99;1;2;2;2;3;3;99;5;5;4;3;5;4;4;1
930;2;29;1;5;4;2;77;0;2;7;1;1;-77;2;5;2;4;4;5;4;4;1;5;1;5;5;3;4;2;2;8;2;2;5;1;8;2;2;2;2;2;2;3;2;2;2;2;1;1;4;2;1;1;1;4;2;4;4;5;0;0;0;1;3;3;3;3;4;3;4;2;6;2;7;7;2;1
935;2;30;1;5;3;2;69;0;6;5;1;1;-77;2;5;2;5;2;4;2;3;2;4;2;4;4;2;5;2;3;3;4;4;4;3;8;3;3;3;2;2;1;2;2;3;1;3;2;2;4;5;1;1;1;4;1;1;1;2;2;-99;-99;2;3;4;3;3;4;10;4;2;5;2;5;5;5;1
942;1;30;1;5;3;2;87;0;5;5;1;1;-77;1;2;1;2;1;3;2;3;1;3;1;3;4;3;4;3;5;5;3;3;5;2;8;3;3;3;2;2;1;1;1;1;1;1;3;3;4;4;1;1;1;4;1;2;2;3;-99;-99;-99;2;4;4;3;3;4;11;4;3;4;2;5;4;5;1
944;1;30;1;1;1;2;19;0;6;5;1;1;-77;4;4;4;4;3;3;2;3;3;3;1;1;2;1;1;1;2;1;1;2;2;5;8;3;1;2;3;3;2;1;2;3;2;2;3;3;1;1;2;3;3;3;3;1;2;5;-99;-99;-99;1;4;3;2;3;3;1;2;1;3;3;2;3;3;1
945;2;29;1;3;5;2;49;0;4;4;1;1;-77;4;4;2;2;3;3;4;3;4;4;2;4;3;3;5;3;4;4;4;4;5;3;8;5;3;3;4;4;2;4;2;3;3;2;2;1;5;2;4;4;2;4;1;1;1;5;-99;-99;-99;1;3;3;3;3;4;6;3;2;6;2;6;5;5;1
953;1;26;1;3;4;2;55;0;1;4;1;1;-77;5;5;5;5;1;2;1;1;3;5;3;5;3;3;3;3;1;3;3;3;1;3;8;1;2;2;1;4;1;1;1;1;1;1;1;1;5;4;2;2;2;4;1;1;1;5;-99;-99;-99;2;99;99;99;99;5;99;7;7;7;2;7;6;7;1
975;2;21;1;1;1;2;131;0;4;4;1;1;-77;2;3;2;3;3;3;2;3;2;3;2;3;4;3;4;3;4;4;2;3;3;2;8;2;1;1;1;1;1;1;1;1;1;1;1;1;4;4;1;2;1;4;2;2;2;3;1;0;1;4;99;99;99;99;99;1;4;5;4;2;5;5;5;4
984;2;26;1;5;6;2;103;0;6;6;1;1;-77;3;4;3;4;2;4;3;4;4;4;3;3;4;3;4;3;6;6;3;3;1;2;8;5;1;2;2;4;2;3;3;3;2;2;1;1;4;3;1;1;1;4;1;1;1;3;-99;-99;-99;3;99;99;99;99;4;10;4;5;4;2;4;4;4;1
994;2;25;1;1;4;1;68;82;4;4;3;1;1;1;4;1;2;1;3;1;3;1;4;1;4;5;2;5;3;4;4;3;3;4;2;8;2;1;1;2;2;1;1;1;1;1;3;3;2;2;3;1;1;1;4;1;4;2;5;-99;-99;-99;1;4;3;3;3;3;6;3;3;5;2;3;3;4;1
1000;2;29;1;5;4;1;99;111;6;6;1;1;1;3;4;2;4;2;4;2;4;3;4;2;4;4;2;5;2;5;6;4;2;1;2;8;3;2;2;2;3;2;NA;2;2;2;2;3;2;4;3;1;2;1;4;1;1;1;3;2;-99;-99;2;4;3;3;2;4;9;5;4;5;2;5;5;3;1
1007;2;29;1;5;1;1;63;74;5;6;1;1;1;4;5;2;2;4;2;5;4;5;5;5;5;3;3;3;3;3;3;3;5;5;3;8;1;3;3;1;1;2;3;3;4;1;3;4;4;4;1;1;1;1;4;1;1;2;4;-99;-99;-99;2;99;5;1;5;5;11;5;3;3;2;4;7;2;1
1015;2;25;1;1;4;2;88;0;5;1;1;1;-77;2;2;2;2;2;3;2;3;1;3;1;3;5;3;5;1;4;1;3;3;2;3;8;2;2;2;2;2;1;1;1;2;1;3;3;2;4;2;1;2;1;4;1;1;1;4;-99;-99;-99;1;3;3;99;3;3;8;6;4;3;2;6;4;5;1
1016;2;25;1;5;4;2;72;0;6;6;1;1;-77;1;5;1;5;2;4;2;4;1;5;1;5;5;1;5;1;6;6;3;3;6;2;8;5;1;1;1;1;1;1;1;1;1;2;1;1;5;4;3;1;1;4;1;1;1;4;-99;-99;1;2;4;4;2;2;4;10;5;5;3;2;4;5;5;1
1018;2;20;1;3;4;2;46;0;1;1;1;1;-77;5;5;5;5;1;1;4;4;5;5;5;5;3;3;5;3;1;1;4;4;4;5;8;1;1;2;1;1;1;1;1;1;1;3;2;2;4;2;1;1;1;4;1;1;1;3;-99;-99;-99;2;3;3;3;3;3;6;3;5;4;2;4;2;3;4
1040;1;30;1;3;4;2;89;0;6;6;1;1;-77;1;4;2;4;2;5;3;5;2;4;1;4;4;2;5;3;4;4;2;2;4;2;8;5;1;1;1;1;1;1;1;1;1;2;3;2;5;3;4;4;4;4;3;2;2;4;2;-99;-99;2;3;3;3;3;3;6;4;4;5;2;4;5;4;1
1057;2;26;1;2;4;1;184;197;4;4;1;1;1;1;4;1;2;2;4;3;4;1;3;1;3;5;3;5;4;6;6;1;2;1;2;8;5;2;2;3;3;1;2;3;4;2;3;2;1;5;4;1;2;1;4;1;1;2;5;0;0;0;1;5;5;4;4;4;5;3;5;6;2;5;5;5;1
1061;2;30;1;5;4;1;74;91;6;6;1;1;1;2;4;1;4;2;4;3;4;1;4;1;4;4;3;4;3;6;6;2;2;5;2;8;5;2;1;3;1;1;1;2;1;1;2;2;1;4;2;4;1;1;4;1;1;1;5;1;-99;-99;2;2;3;2;2;2;10;6;4;6;2;6;6;5;1
1067;2;25;1;5;6;1;49;60;6;6;1;1;1;2;4;2;4;2;4;4;4;3;4;2;3;5;4;2;4;5;6;3;4;4;2;8;3;1;1;2;2;1;1;1;1;1;2;2;3;4;4;3;3;3;4;1;2;2;5;-99;-99;-99;2;99;3;99;3;99;9;4;6;4;2;4;6;5;1
1073;2;28;1;4;4;1;93;112;2;6;1;1;1;1;5;1;5;4;5;4;5;1;5;1;5;4;2;5;2;4;5;2;2;4;2;8;3;1;1;3;3;2;2;2;3;3;3;2;1;5;4;4;1;1;4;1;1;1;5;1;-99;-99;2;4;4;2;4;4;10;5;3;6;2;6;6;7;1
1074;2;26;1;3;4;1;100;115;5;6;1;1;1;1;4;1;3;4;2;2;2;1;4;1;3;5;2;5;2;5;6;3;3;1;2;8;3;1;1;3;2;1;1;1;2;1;1;1;1;5;4;1;1;1;4;2;2;2;4;-99;-99;-99;2;3;3;3;99;4;6;3;5;3;2;3;6;6;1
1079;2;20;1;2;4;2;36;0;1;1;1;1;-77;5;5;5;5;5;5;5;5;5;5;5;5;3;3;3;3;1;1;5;5;4;6;8;2;4;4;3;3;4;4;3;4;4;4;4;4;4;3;2;2;1;4;1;1;1;3;-99;-99;-99;1;2;4;2;5;5;2;6;5;6;2;4;4;5;4
1101;2;25;1;5;4;2;94;0;4;4;1;1;-77;2;5;2;5;2;4;1;4;3;4;1;4;3;3;4;3;3;4;2;2;4;2;8;4;2;3;2;3;1;3;3;3;3;1;1;1;4;4;1;1;1;4;1;1;1;5;-99;-99;-99;2;3;5;2;4;5;9;3;5;6;2;5;5;5;1
1110;2;25;1;5;4;1;118;131;1;1;1;1;1;3;5;2;5;3;4;2;5;3;5;2;5;3;2;4;2;1;1;4;4;4;6;8;1;3;2;2;3;2;3;2;3;2;3;4;2;4;4;1;1;1;4;1;1;2;4;-99;-99;-99;2;3;4;2;5;4;9;5;3;5;2;4;6;5;1
1115;2;27;1;5;4;2;91;0;6;5;1;1;-77;3;3;3;3;4;3;4;2;3;3;3;2;4;3;4;3;4;4;2;2;1;2;8;1;3;3;2;3;2;2;2;3;1;2;3;2;4;4;1;1;1;4;1;1;1;3;0;0;0;2;3;3;1;3;4;99;4;4;5;2;4;5;5;3
1120;2;20;1;3;5;2;61;0;5;6;1;1;-77;2;4;2;4;4;4;4;4;2;4;2;4;4;2;4;2;4;4;4;4;3;2;8;2;1;1;1;1;1;1;1;2;1;1;2;2;4;2;3;1;1;4;2;2;2;3;-99;-99;-99;4;99;99;99;99;4;8;6;3;5;2;3;6;5;1
1121;1;25;1;4;1;2;158;0;3;3;1;1;-77;2;5;1;2;5;5;3;5;2;5;2;5;4;3;5;3;4;4;1;1;1;3;8;3;2;2;3;2;1;1;1;3;1;1;1;1;5;2;1;1;1;4;2;3;3;5;-99;-99;-99;1;4;4;1;4;4;8;5;2;5;2;5;5;2;4
1134;2;23;1;2;3;2;52;0;1;1;1;1;-77;4;5;2;3;4;4;4;4;3;5;3;5;3;3;5;2;1;1;4;4;3;5;8;3;3;3;2;3;2;3;3;4;4;3;2;3;5;2;1;1;1;4;1;2;2;5;-99;-99;-99;2;3;5;3;3;5;6;5;6;5;2;5;5;2;1
1140;1;30;1;5;4;2;900;0;6;4;1;1;-77;1;5;1;5;2;4;2;4;2;4;2;4;4;3;4;3;6;8;3;3;4;2;8;4;2;2;2;2;2;2;2;2;1;1;3;2;5;4;1;1;1;4;1;1;2;4;-99;-99;-99;1;4;4;3;4;4;11;4;4;5;2;4;5;3;1
1141;2;28;1;4;4;2;63;0;5;6;1;1;-77;3;5;3;5;2;5;3;4;3;5;3;5;4;3;4;3;5;6;3;3;3;2;8;2;3;3;3;3;3;3;3;3;3;3;3;3;4;4;2;1;1;4;1;1;1;5;-99;-99;-99;2;5;5;1;5;5;5;4;4;5;2;5;5;5;1
1155;2;26;1;1;3;2;65;0;1;1;1;1;-77;5;5;5;5;4;4;4;4;5;5;5;5;3;3;4;2;1;1;5;5;1;5;8;2;3;3;4;5;2;2;1;1;2;5;5;5;4;5;1;1;1;4;1;1;1;5;-99;-99;-99;2;5;5;2;4;5;1;4;6;5;2;5;5;5;1
1157;2;27;1;5;4;1;89;100;6;2;1;1;1;2;4;2;4;3;4;3;4;2;4;3;4;4;2;4;2;5;2;2;2;1;2;8;1;1;2;3;3;3;4;3;3;3;1;1;3;5;4;1;1;1;4;1;1;2;5;1;-99;-99;2;4;4;4;3;4;9;6;5;6;2;6;5;4;8
1198;2;25;1;3;2;2;71;0;6;6;1;1;-77;3;5;3;5;4;4;4;4;4;5;4;5;4;3;4;3;6;6;2;2;3;2;8;5;2;2;3;1;1;3;3;3;2;1;1;3;4;4;1;1;1;4;1;1;1;5;-99;-99;-99;1;4;4;99;99;4;6;2;3;6;2;6;6;6;1
1206;2;26;1;1;5;1;68;84;1;3;1;1;1;1;4;1;3;1;4;1;4;1;4;1;4;5;2;5;2;1;3;3;3;3;3;8;2;3;3;3;3;3;3;2;2;2;3;4;4;4;4;3;2;1;4;2;2;2;4;-99;-99;-99;1;4;3;3;3;4;2;5;5;5;2;5;5;3;1
1209;1;27;1;5;4;2;79;0;2;4;1;1;-77;2;5;2;5;5;2;5;5;2;5;2;4;3;3;4;2;3;4;1;1;4;3;8;3;1;1;2;2;1;1;1;1;1;3;3;2;3;2;1;1;1;4;2;2;2;5;-99;-99;-99;1;3;4;2;3;3;10;5;4;4;2;4;6;5;1
1212;2;30;1;5;1;2;43;0;3;5;1;1;-77;4;5;3;3;4;5;4;4;3;4;4;4;2;1;2;2;3;3;3;3;5;3;8;3;3;3;1;1;1;3;4;4;3;2;3;3;4;3;3;3;1;4;1;1;2;3;2;-99;-99;2;5;4;3;4;4;9;4;5;5;2;4;5;5;8
1218;2;29;1;4;4;1;96;113;4;6;1;1;1;3;2;2;2;3;3;4;4;2;2;2;2;3;3;3;3;5;6;3;3;5;2;8;4;1;1;1;1;1;1;1;1;1;2;2;2;4;4;1;1;1;4;2;2;3;5;1;-99;-99;2;4;4;3;3;3;8;5;5;2;2;4;6;5;1
1280;2;30;1;5;1;1;76;92;6;4;1;1;1;2;5;2;4;2;5;3;4;2;4;2;4;5;2;5;2;6;4;3;3;6;2;8;4;1;2;3;2;1;2;2;2;2;1;2;2;4;4;1;1;1;4;1;1;1;5;-99;-99;-99;2;3;4;2;4;3;11;4;3;5;2;5;5;4;1
1325;2;28;1;5;3;1;103;122;3;6;1;1;1;2;5;1;5;4;5;5;5;2;5;1;5;4;2;5;2;3;4;4;4;7;2;8;2;1;1;2;2;1;1;1;1;1;3;4;2;4;4;1;1;1;4;2;1;1;4;1;0;0;2;4;4;3;3;4;9;5;5;6;2;6;5;6;1
1430;2;30;1;5;3;1;368;397;6;6;1;1;1;1;3;1;3;2;2;2;2;2;3;2;3;4;3;4;3;6;6;2;2;2;2;8;2;2;2;2;3;1;2;1;1;1;3;1;1;5;5;1;1;1;4;3;2;2;3;0;0;0;2;4;4;2;3;3;9;2;3;6;2;4;6;5;1
1440;2;30;1;5;4;1;101;116;6;6;1;1;1;2;5;2;4;2;1;4;4;1;4;1;4;4;3;3;4;5;6;4;5;2;2;8;2;3;3;2;2;3;3;3;3;1;3;2;2;5;2;1;1;1;4;1;2;2;5;-99;-99;-99;1;99;99;99;99;4;10;2;6;6;2;5;5;5;1
1452;2;27;1;2;6;2;139;0;6;5;1;1;-77;3;3;2;3;5;1;5;4;1;4;1;5;4;3;5;5;6;5;2;2;4;2;8;2;1;2;2;2;1;1;1;1;1;2;3;4;4;3;4;4;4;4;2;2;2;5;2;-99;-99;3;99;99;99;99;3;6;5;5;7;2;5;6;2;8
1465;1;30;1;5;1;2;101;0;1;6;1;1;-77;5;5;1;4;2;2;4;3;4;5;1;5;4;3;4;2;1;6;5;5;4;3;8;1;1;1;3;2;1;1;1;1;1;1;1;1;5;4;1;1;1;4;1;1;1;5;1;-99;1;2;4;2;2;2;2;9;7;6;6;2;7;3;6;1
1499;2;27;1;4;4;1;175;204;6;2;1;1;1;4;4;2;2;3;5;2;3;1;4;1;3;4;3;5;3;5;2;3;3;3;2;8;4;2;2;2;2;2;2;3;4;2;2;2;2;4;4;1;1;1;4;1;1;2;5;-99;-99;-99;1;2;5;1;5;4;8;4;3;5;2;5;NA;5;1
1517;2;27;1;4;4;1;97;113;5;3;1;1;1;5;5;5;5;4;4;4;4;4;4;4;4;3;3;3;2;3;3;4;4;4;2;8;4;4;4;4;4;4;4;4;4;4;3;3;4;3;4;1;1;1;4;1;1;1;5;0;0;0;2;3;3;3;3;3;8;3;4;5;2;6;6;5;1
1519;2;22;1;4;4;1;73;81;4;5;1;1;1;2;4;2;4;3;4;3;4;2;4;2;4;4;3;4;2;4;5;3;3;4;2;8;2;3;3;3;3;2;3;3;3;2;3;3;2;4;4;3;3;2;4;1;1;1;3;-99;-99;-99;2;4;4;3;3;4;9;3;3;5;2;3;5;5;1
1521;2;30;1;2;6;1;63;78;4;7;1;1;1;2;4;2;4;3;5;3;4;3;4;3;4;5;3;5;3;3;7;3;3;7;2;8;3;3;3;4;3;2;3;3;4;2;3;3;3;4;3;2;2;1;4;2;2;2;5;1;-99;-99;1;4;4;3;3;4;8;4;3;5;2;5;5;7;1
1559;2;23;1;5;1;1;115;140;6;6;1;1;1;1;3;1;3;4;4;5;4;1;4;1;4;5;3;5;4;6;6;2;2;4;2;8;2;3;2;3;3;2;3;2;4;1;2;1;2;4;2;2;2;1;4;3;3;4;4;1;-99;-99;2;99;99;99;99;99;10;4;5;5;2;4;5;6;3
1560;2;27;1;4;4;2;46;0;6;6;1;1;-77;2;3;2;3;1;3;1;3;2;3;2;3;4;3;4;3;6;6;3;3;4;1;8;2;1;1;1;1;1;1;1;1;1;2;2;2;4;4;1;1;1;4;4;2;2;4;1;0;0;2;2;2;2;2;2;11;4;2;3;2;6;6;6;5
1562;2;28;1;1;1;2;111;0;5;4;1;1;-77;2;4;2;4;3;4;4;4;2;4;2;4;4;4;4;4;3;3;3;3;4;2;8;1;1;2;1;1;1;1;2;1;1;3;3;1;4;4;4;4;1;4;1;5;NA;2;1;-99;2;3;3;3;3;99;4;5;5;6;4;2;5;6;6;5
1572;2;23;1;3;1;1;77;87;2;4;1;1;1;2;5;3;3;2;2;3;5;3;4;3;1;4;2;4;2;5;6;3;3;1;2;8;2;2;2;2;1;1;3;1;3;1;4;3;3;4;5;1;1;1;4;3;3;3;5;-99;-99;-99;1;3;3;3;3;3;11;4;4;3;2;5;6;4;1
1585;2;29;1;1;2;1;51;60;6;6;1;1;1;3;3;4;4;4;2;4;4;2;2;4;3;3;3;2;3;4;4;1;2;3;2;8;2;2;2;3;4;2;2;3;4;2;2;1;1;5;2;1;1;1;4;1;1;1;5;1;-99;-99;2;4;4;3;3;4;1;5;6;4;2;6;3;6;5
1609;2;26;1;4;4;1;53;59;2;2;1;1;1;5;5;4;5;3;3;4;3;5;5;2;5;3;3;4;3;1;2;4;4;4;3;8;2;3;5;3;3;3;4;3;4;4;2;2;2;4;4;1;1;1;4;1;1;1;5;-99;-99;-99;2;4;5;2;5;5;9;7;2;6;2;7;7;7;1
1614;2;23;1;2;1;2;79;0;5;5;1;1;-77;2;2;2;1;2;2;3;2;2;1;2;1;5;5;5;5;5;5;1;1;2;3;8;3;1;1;1;1;1;1;1;1;1;1;2;2;4;3;1;1;1;4;3;3;3;3;1;0;0;2;3;3;3;3;3;99;5;4;4;2;4;5;5;3
1616;2;29;1;1;4;1;78;92;6;6;1;1;1;4;4;4;4;4;4;5;4;4;5;4;5;5;3;5;3;5;6;4;5;4;2;8;2;2;1;1;1;1;2;1;2;1;1;4;2;5;4;1;1;1;4;1;1;1;5;-99;-99;-99;2;4;4;4;4;4;1;2;2;5;2;5;6;6;1
1663;2;30;1;5;6;1;83;103;6;5;1;1;1;1;4;1;4;1;4;1;4;1;4;2;4;5;3;5;3;6;5;1;2;1;2;8;3;5;5;3;5;3;4;3;3;4;1;1;4;5;4;1;1;1;4;1;1;1;5;2;-99;-99;1;4;4;2;4;4;11;6;6;6;2;4;6;6;1
1669;2;71;4;3;4;2;90;0;6;6;1;1;-77;1;1;1;2;1;1;1;1;1;1;2;2;3;3;3;3;7;7;2;2;2;2;8;3;2;2;2;2;2;2;2;2;2;3;3;3;3;4;1;1;1;4;3;3;3;5;0;0;0;1;3;3;3;3;3;7;4;3;5;2;4;4;5;7
1670;2;32;2;4;4;1;43;48;5;5;1;1;1;2;5;5;5;5;4;5;4;2;4;3;4;4;3;4;2;4;5;3;3;2;3;8;3;1;1;1;1;1;1;1;1;1;3;4;3;4;4;2;1;1;4;1;1;1;5;-99;-99;-99;2;3;3;2;4;4;8;4;4;5;2;5;5;4;1
1679;1;77;4;4;1;1;155;172;5;5;1;1;1;3;3;3;3;3;3;3;3;2;3;2;3;4;3;4;3;5;6;3;3;2;2;8;3;2;2;2;3;2;2;2;3;1;3;3;3;4;4;1;1;1;4;2;4;3;3;-99;-99;-99;2;4;3;4;3;3;7;2;3;4;2;3;5;5;7
1685;2;67;4;1;2;2;137;0;5;5;1;1;-77;1;4;1;4;4;4;4;5;1;4;1;4;5;2;5;2;6;2;3;3;1;2;8;2;3;1;3;3;3;2;1;2;3;2;3;3;4;3;1;1;1;4;2;2;3;4;0;0;0;1;4;4;3;3;4;2;1;5;4;4;5;5;5;7
1686;1;68;4;2;2;1;215;245;3;6;1;1;1;2;4;2;3;3;3;3;3;2;4;2;3;4;3;4;3;3;6;3;3;4;2;8;1;2;1;1;1;1;2;2;2;1;4;4;3;3;3;1;1;1;4;4;4;4;5;0;0;0;2;3;4;4;3;3;4;4;3;5;2;6;6;4;7
1687;1;64;4;1;1;2;163;0;4;6;3;1;-77;1;1;1;1;3;3;3;3;1;1;1;1;5;5;5;5;4;5;3;3;2;2;8;1;1;1;1;1;1;1;1;1;1;2;2;2;4;2;1;4;1;4;3;3;4;4;0;0;0;2;99;4;99;99;99;2;4;4;4;2;4;4;4;7
1690;2;45;2;5;6;1;68;82;5;6;1;1;1;2;4;2;4;3;4;3;3;2;4;3;3;4;3;4;3;5;5;4;3;5;3;8;2;2;2;2;2;2;2;2;1;1;2;3;3;4;4;1;1;1;4;2;2;2;5;-99;1;-99;1;99;99;99;99;99;10;6;3;5;2;6;5;5;1
1692;1;74;4;3;3;1;249;265;4;5;3;1;1;2;2;2;2;2;2;2;2;2;2;2;2;5;5;5;5;5;6;2;2;4;2;8;1;3;3;3;3;3;3;3;3;3;2;2;2;4;2;1;1;1;4;3;4;4;5;-99;-99;-99;2;4;4;4;2;4;6;4;3;3;2;5;3;3;7
1697;1;67;4;1;5;2;94;0;3;3;1;1;-77;1;1;1;1;1;1;1;1;1;1;1;1;5;5;5;5;3;4;1;1;7;1;8;1;1;1;1;1;1;1;1;1;1;2;2;2;4;4;4;4;4;4;3;3;3;5;-99;-99;-99;2;1;4;3;1;3;1;3;1;1;3;1;3;1;7
1705;1;67;4;1;5;1;92;109;3;3;1;1;1;1;4;1;5;3;3;3;3;1;4;1;4;5;3;5;3;2;4;3;3;1;2;8;3;1;1;1;1;1;1;1;1;1;3;3;3;3;3;1;1;1;3;3;3;3;3;0;0;0;2;3;3;3;3;3;2;4;4;4;4;4;4;4;7
1706;2;80;4;2;4;1;55;60;2;5;1;1;1;2;4;2;4;2;4;2;4;2;4;2;4;4;3;5;3;3;6;2;3;3;3;8;1;3;3;3;3;3;3;3;3;3;3;3;2;4;4;4;4;4;4;1;1;1;5;0;0;0;1;4;4;4;2;4;3;5;2;5;2;5;5;5;7
1707;2;75;4;1;5;2;156;0;1;5;1;1;-77;2;3;1;2;5;3;3;2;1;3;3;1;5;2;5;1;1;5;3;3;2;2;8;2;2;3;2;2;2;1;2;2;1;3;2;2;4;3;1;1;1;4;3;3;3;3;1;1;1;1;4;3;3;3;3;2;4;4;5;2;4;5;2;7
1709;2;61;4;3;3;2;75;0;6;6;1;1;-77;1;4;2;4;1;4;1;4;1;4;1;4;5;3;5;3;6;6;3;3;4;2;8;2;3;1;1;2;1;NA;3;4;1;1;1;1;4;1;2;4;1;4;2;3;4;3;0;0;0;1;3;4;2;5;2;4;5;4;5;2;5;5;3;3
1717;2;64;4;1;6;2;118;0;6;6;1;1;-77;2;4;2;2;4;2;2;2;2;2;2;2;4;3;4;3;5;5;2;3;2;2;8;1;2;2;3;3;2;2;2;3;2;3;2;3;4;4;1;1;2;4;2;2;2;4;-99;-99;-99;1;4;3;3;3;4;1;2;5;3;2;5;5;2;7
1722;1;61;4;5;1;1;63;72;8;6;1;1;1;3;3;2;1;3;1;1;1;2;1;1;1;3;3;4;3;8;6;3;3;2;2;8;1;3;3;2;3;3;3;1;2;1;1;1;1;5;1;1;1;1;4;5;5;5;3;0;0;0;3;4;3;4;1;4;11;7;6;5;2;5;4;7;7
1723;1;69;4;4;1;1;111;131;6;4;1;1;1;3;4;2;4;2;3;4;3;3;3;3;3;4;3;4;3;6;4;3;3;6;2;8;2;3;3;3;3;3;3;3;3;3;3;3;3;4;4;1;1;1;4;2;3;4;5;-99;-99;-99;2;3;4;2;4;4;7;3;3;5;2;6;4;6;7
1725;2;62;4;5;3;2;146;0;1;1;3;1;-77;1;3;1;2;1;2;1;4;2;3;2;4;4;3;5;1;1;1;4;4;2;4;8;1;2;2;2;2;1;1;1;1;1;3;2;2;4;2;1;1;1;4;1;1;1;5;0;0;0;3;3;2;2;4;3;10;3;3;6;2;5;3;5;1
1729;1;61;4;4;3;2;120;0;7;6;1;1;-77;4;3;2;3;2;3;4;4;3;4;3;2;3;4;4;2;6;6;3;4;3;2;8;2;3;2;2;3;1;2;2;2;1;3;4;2;5;2;1;1;1;4;2;2;2;4;0;0;0;3;4;4;4;4;4;9;2;5;5;2;4;5;5;1
1734;2;59;3;1;4;2;290;0;4;4;1;1;-77;2;4;3;4;2;2;2;3;2;3;2;3;4;4;4;4;4;4;2;2;1;2;8;1;3;2;2;2;1;2;2;2;1;1;1;1;4;1;3;1;1;4;3;4;4;3;0;0;0;1;99;4;3;4;4;2;5;5;3;2;5;6;5;7
1736;1;68;4;3;4;1;139;160;5;6;1;1;1;2;5;2;5;2;5;2;4;1;5;2;5;5;2;5;2;6;6;2;3;4;2;8;5;4;3;3;3;2;4;3;4;3;3;2;3;5;4;3;1;1;4;2;2;2;5;0;0;0;2;2;5;3;4;5;6;4;3;5;2;6;6;4;2
1737;2;34;2;4;4;2;108;0;6;6;1;1;-77;1;5;1;5;2;4;3;4;2;4;2;4;4;3;4;2;6;6;2;2;4;2;8;1;1;1;1;1;1;1;1;1;1;1;1;1;5;4;1;1;1;4;2;3;4;3;1;-99;1;2;2;4;3;1;3;7;5;4;5;2;2;5;5;5
1739;1;55;3;2;3;2;95;0;4;4;1;1;-77;3;3;3;3;3;3;3;3;3;3;3;3;3;3;3;3;4;4;3;3;3;2;8;4;3;3;3;3;3;3;3;3;3;4;4;4;4;4;3;3;3;4;2;2;2;3;-99;-99;-99;1;4;3;3;3;3;3;5;3;5;2;3;4;3;1
1746;2;70;4;1;5;1;147;163;2;5;1;1;1;2;5;2;5;2;5;2;5;2;5;2;5;5;3;5;3;1;5;3;4;4;2;8;1;3;3;3;3;3;3;3;3;3;3;3;3;3;4;1;1;1;4;1;1;1;5;0;0;0;1;3;4;3;3;4;1;5;2;6;2;5;5;3;7
1748;2;49;3;4;1;2;145;0;5;3;1;1;-77;4;5;3;5;3;4;3;4;3;4;3;4;4;4;4;4;6;6;3;3;4;2;8;2;1;1;1;1;1;1;1;1;1;2;2;2;3;3;NA;2;1;4;4;2;2;4;0;0;0;4;99;99;99;99;3;8;3;3;3;2;4;4;5;1
1751;1;53;3;4;6;1;130;153;5;5;1;1;1;3;5;2;4;3;4;3;4;3;4;3;4;4;3;4;3;6;6;3;3;6;2;8;5;2;2;3;2;2;2;3;2;2;4;4;4;4;4;1;1;1;4;2;2;1;5;0;1;0;3;4;4;2;4;4;11;5;2;4;2;5;6;2;3
1758;2;65;4;2;6;2;108;0;3;4;1;1;-77;1;5;1;5;5;5;5;5;1;5;1;5;5;2;5;2;4;4;3;3;4;3;8;2;1;1;1;2;1;1;1;1;1;3;3;3;4;4;2;1;1;4;1;1;1;4;-99;-99;-99;1;4;4;3;3;4;2;5;4;7;2;5;6;4;7
1761;1;33;2;4;4;1;105;119;4;6;1;1;1;5;5;3;2;1;4;4;4;4;4;2;2;3;4;4;2;5;8;2;3;4;2;8;5;2;2;1;1;1;1;1;1;1;3;2;2;4;3;1;1;1;4;1;1;1;5;-99;-99;-99;1;2;4;2;4;4;8;4;4;5;2;3;3;4;1
1771;1;64;4;5;1;2;95;0;5;7;1;1;-77;2;4;2;4;3;3;3;3;1;4;1;4;4;4;4;4;5;7;3;3;4;2;8;5;2;3;2;3;2;2;3;3;1;3;2;2;4;3;1;1;1;4;3;3;2;5;-99;-99;-99;2;4;4;3;4;2;10;3;2;5;2;5;5;5;1
1780;2;64;4;1;2;2;320;0;3;5;1;1;-77;2;5;2;5;3;5;2;5;1;5;1;5;4;2;4;2;3;4;1;1;3;3;8;1;3;3;2;3;1;3;4;4;3;4;2;2;4;2;4;2;2;4;3;3;3;5;0;0;0;1;3;4;3;3;4;1;5;5;5;2;5;5;4;7
1783;2;63;4;3;1;2;131;0;5;6;1;1;-77;2;5;2;5;2;4;3;4;2;5;2;4;4;2;4;3;5;5;3;4;7;2;8;2;4;4;3;2;1;3;4;4;1;2;2;3;3;1;3;1;1;4;1;1;1;5;-99;-99;-99;1;4;99;99;4;4;5;5;2;5;2;6;6;1;8
1785;1;42;2;3;2;1;402;468;6;6;1;1;1;1;4;2;4;2;2;4;4;3;3;3;3;4;3;4;3;6;6;3;3;4;2;8;4;1;1;1;1;1;1;1;1;1;1;1;1;4;4;1;1;1;4;3;3;2;3;1;-99;-99;3;2;2;2;2;2;6;4;4;5;2;5;5;5;1
1787;2;48;3;1;6;1;142;162;1;3;1;1;1;2;4;2;4;4;4;4;4;2;3;2;3;4;3;4;3;1;4;3;3;5;3;8;1;3;3;3;3;3;3;3;3;3;3;2;2;4;3;4;1;1;4;3;2;3;3;-99;-99;-99;1;2;3;3;3;3;1;3;3;4;2;5;5;5;3
1796;1;51;3;2;3;1;94;143;4;5;1;1;1;2;5;2;2;2;2;4;4;2;4;2;3;3;2;4;2;3;5;2;2;4;3;8;2;3;2;3;2;2;2;3;2;1;3;2;1;4;2;1;1;1;4;2;3;4;3;-99;-99;-99;1;4;3;4;2;4;4;6;2;5;2;5;5;4;3
1798;2;62;4;3;4;2;61;0;5;5;1;1;-77;2;5;2;5;2;4;2;4;2;4;2;4;4;2;4;2;3;4;4;4;3;3;8;1;4;4;4;4;4;4;4;4;4;5;5;5;5;2;3;3;3;4;2;4;2;4;-99;-99;-99;2;4;4;2;3;4;5;6;2;6;2;6;6;6;1
1799;1;68;4;3;4;2;126;0;7;6;1;1;-77;1;3;1;3;1;3;1;3;1;3;1;3;4;3;4;3;7;6;3;3;7;2;8;1;3;3;3;1;1;3;2;1;1;1;1;1;5;3;1;1;1;4;2;4;5;5;0;0;0;2;4;3;4;1;3;6;4;1;4;1;6;4;4;7
1800;2;76;4;1;3;1;120;133;4;5;1;1;1;1;5;2;4;2;3;2;4;1;4;2;4;4;3;4;3;4;6;2;2;3;2;8;2;3;3;2;3;2;4;4;4;2;3;2;4;4;2;1;1;1;4;2;4;2;3;0;0;0;1;4;4;4;4;4;2;2;2;5;2;6;5;5;7
1802;1;70;4;3;1;1;344;395;4;6;1;1;1;1;5;3;5;3;5;5;5;1;5;4;5;5;3;3;3;4;5;2;3;4;2;8;2;2;3;3;3;3;3;4;4;4;3;3;3;2;2;2;3;1;4;4;4;4;5;0;0;0;2;2;4;3;3;4;5;4;3;3;2;6;6;6;7
1809;2;61;4;3;5;2;158;0;4;4;1;1;-77;3;3;3;3;2;2;2;3;2;2;2;3;4;3;4;3;4;4;2;2;1;2;8;1;2;2;2;2;1;2;1;1;2;1;1;1;2;2;1;1;1;4;1;1;1;4;-99;-99;-99;2;4;4;3;3;4;5;4;5;5;2;6;7;4;8
1811;1;72;4;5;4;2;102;0;6;3;1;1;-77;2;4;2;4;3;3;3;3;2;4;2;4;4;3;4;3;6;4;2;2;2;2;8;2;2;2;1;1;1;2;1;1;1;1;3;2;3;2;1;1;1;4;4;4;5;5;0;0;0;2;5;3;3;3;4;10;4;2;5;2;5;7;5;7
1813;1;70;4;2;4;2;457;0;6;4;1;1;-77;1;3;1;3;3;3;3;3;1;3;3;3;5;3;5;3;6;5;3;3;1;2;8;1;2;2;3;3;2;2;2;2;2;3;3;3;4;2;4;4;4;4;3;3;3;4;-99;-99;-99;2;4;4;4;2;4;4;6;4;4;2;6;6;5;7
1814;1;66;4;3;6;1;118;135;6;4;1;1;1;1;1;1;1;2;2;2;2;1;2;1;2;4;3;4;3;6;4;2;2;3;2;8;2;2;2;1;1;1;1;1;1;1;2;2;3;4;2;1;1;1;4;2;3;4;3;0;0;0;3;4;4;3;3;4;3;4;5;5;2;4;4;2;7
1819;2;51;3;1;6;1;59;68;6;5;1;1;1;2;2;2;2;3;1;4;2;1;2;1;3;4;3;5;3;6;5;2;2;4;2;8;2;2;2;2;2;2;2;3;3;1;1;1;1;4;4;1;1;1;4;3;3;4;5;-99;-99;-99;3;4;3;3;3;2;10;4;3;5;2;5;5;4;1
1821;1;65;4;1;4;2;191;0;2;4;3;2;-77;3;3;3;3;3;3;3;3;3;3;3;3;3;3;3;3;4;4;3;3;2;2;8;1;1;1;1;1;1;1;1;1;1;3;3;3;3;2;3;3;4;4;3;3;3;3;0;0;0;2;3;3;3;3;3;2;4;4;4;2;4;4;4;7
1827;1;83;4;5;6;2;210;0;5;6;1;1;-77;1;5;1;4;3;3;2;4;3;3;2;4;3;3;2;3;5;6;3;3;2;3;8;1;2;1;1;2;1;2;1;3;1;1;1;1;4;3;1;1;1;4;2;4;4;5;1;-99;-99;3;4;4;4;2;4;11;2;3;4;2;2;5;4;7
1832;1;70;4;3;2;2;109;0;6;5;1;1;-77;2;5;2;5;4;5;5;5;2;5;4;4;4;3;4;3;5;6;2;2;4;3;8;2;3;2;2;3;NA;1;2;1;1;1;2;2;4;4;3;1;1;4;3;3;4;4;0;0;0;1;4;5;5;2;4;4;4;5;5;1;3;6;5;7
1834;1;54;3;2;2;1;149;169;6;5;1;1;1;1;1;1;1;4;4;4;4;1;1;1;1;5;4;5;4;6;6;1;2;1;2;8;2;2;2;2;2;2;2;2;2;2;1;1;1;4;1;4;3;4;4;5;5;5;4;-99;-99;-99;2;5;4;2;1;1;4;5;3;6;2;6;6;3;1
1836;2;46;3;5;3;2;155;0;5;5;1;1;-77;2;5;2;5;2;4;2;4;2;4;2;4;5;2;5;2;5;5;4;4;6;2;8;5;3;3;3;3;3;3;3;3;3;3;3;3;4;2;1;1;1;4;2;2;2;5;1;-99;1;4;5;5;2;5;5;9;2;3;5;2;5;5;5;1
1837;2;70;4;2;5;2;155;0;3;2;1;1;-77;2;5;2;5;3;5;3;5;2;5;2;5;5;3;5;3;1;3;2;2;1;2;8;1;3;3;3;3;1;3;4;4;1;3;3;1;5;4;4;1;1;4;4;1;4;4;0;0;0;1;4;4;3;4;4;3;5;3;5;2;5;5;5;7
1843;2;61;4;1;4;2;171;0;5;5;3;2;-77;3;4;3;2;3;2;3;3;3;2;2;3;3;2;3;2;5;4;3;3;4;4;8;2;2;2;2;2;1;2;2;3;1;3;3;2;4;2;3;3;2;4;4;4;4;5;0;0;0;1;2;4;3;3;4;2;5;4;3;4;4;5;3;2
1850;2;57;3;2;4;2;195;0;4;6;1;1;-77;1;4;1;2;2;2;5;4;1;2;1;2;5;2;4;2;4;6;2;2;4;2;8;2;3;4;2;2;2;4;3;3;1;1;1;1;4;2;4;4;4;4;2;4;2;5;-99;1;-99;3;5;3;4;1;3;2;5;5;6;2;5;5;5;5
1852;2;62;4;1;5;1;80;102;2;4;1;1;1;1;2;2;1;2;2;2;2;2;3;2;2;4;3;4;4;6;4;3;3;6;2;8;2;2;2;2;2;2;2;2;3;2;1;3;3;4;4;1;1;1;4;1;1;4;5;0;0;0;2;4;4;3;3;4;1;5;2;5;2;5;5;4;99
1855;1;51;3;1;4;2;135;0;3;3;1;1;-77;1;2;1;1;1;1;1;1;1;1;1;1;5;5;5;5;3;4;3;3;1;2;8;1;1;1;1;1;1;1;1;1;1;1;1;1;5;4;4;4;4;5;1;5;5;4;0;0;0;1;5;4;1;1;4;1;6;6;7;4;6;4;4;3
1858;1;62;4;3;4;1;91;102;2;4;1;1;1;1;1;1;1;2;3;2;3;1;3;1;3;4;3;4;3;7;6;2;2;7;2;8;4;1;1;1;1;1;1;1;1;1;3;1;3;5;3;1;1;1;4;5;5;5;5;-99;-99;-99;2;3;4;5;1;2;5;3;2;5;2;6;4;6;1
1859;2;62;4;3;4;2;169;0;3;4;1;2;-77;1;4;1;4;1;4;1;4;1;4;1;4;5;2;5;2;5;6;3;3;4;2;8;2;2;2;2;2;1;2;2;2;1;2;4;4;3;4;1;1;1;4;4;4;4;3;-99;-99;-99;2;3;3;3;3;3;8;4;4;4;2;5;5;5;2
1860;2;78;4;3;4;1;111;128;6;4;1;1;1;1;5;1;4;1;5;1;5;1;5;1;5;5;2;4;2;5;5;4;4;3;2;8;2;2;2;1;2;1;1;1;2;1;3;2;2;5;3;1;1;1;4;1;4;1;4;-99;-99;-99;2;5;4;3;3;4;6;6;3;5;2;7;6;5;2
1865;2;59;3;4;6;1;104;117;6;6;1;1;1;1;5;1;4;3;4;3;5;1;5;1;5;5;2;5;1;5;6;4;4;1;2;8;4;4;2;3;2;1;1;2;2;1;2;1;2;5;3;1;1;1;4;1;1;1;5;-99;-99;-99;1;4;5;3;3;4;8;3;2;7;2;7;7;5;1
1868;1;55;3;4;1;1;105;121;5;5;3;1;1;1;1;2;2;2;2;2;2;2;3;2;3;4;3;4;2;6;5;2;3;1;2;8;2;2;2;3;4;3;2;2;2;2;1;1;1;5;4;1;1;1;4;2;3;4;3;0;0;0;3;5;3;5;2;4;9;5;3;6;2;5;5;5;1
1872;1;61;4;2;6;2;124;0;6;4;1;1;-77;5;2;2;1;4;1;4;2;4;2;2;1;4;3;5;3;6;4;2;2;4;2;8;5;2;2;2;2;1;2;1;1;1;1;1;1;5;3;1;1;1;4;1;1;1;5;0;0;0;1;4;4;4;4;4;4;6;3;4;2;5;5;5;7
1873;2;79;4;1;2;2;111;0;6;6;1;1;-77;1;4;1;4;1;4;1;3;1;4;1;4;5;3;5;3;6;6;1;1;2;2;8;1;1;1;1;2;1;1;1;3;1;1;1;1;5;2;1;1;1;4;2;5;5;4;-99;-99;-99;1;4;3;4;3;3;2;6;5;5;2;6;5;6;7
1874;2;55;3;4;3;2;67;0;2;6;1;1;-77;3;3;3;3;3;3;3;3;3;3;3;3;2;3;3;3;2;5;3;3;1;2;8;2;2;2;3;2;2;2;2;2;2;3;3;3;3;4;1;1;1;4;3;3;3;5;-99;-99;-99;1;4;4;3;3;3;99;4;5;4;2;4;5;4;3
1878;2;76;4;1;2;2;91;0;4;4;1;1;-77;1;3;1;3;1;3;1;3;1;1;3;3;5;2;5;2;5;6;3;3;6;2;8;1;3;3;2;2;1;2;2;2;1;3;3;3;4;2;1;1;1;4;2;2;4;3;0;0;2;3;99;99;3;99;5;8;4;3;5;2;5;6;4;7
1879;2;58;3;1;2;1;267;284;4;6;1;1;1;2;4;2;4;2;4;2;4;2;3;2;4;4;3;4;3;5;6;3;3;3;2;8;2;3;2;2;2;2;2;2;2;2;3;2;2;4;4;3;1;3;4;3;4;2;5;0;0;0;1;3;3;3;3;4;1;4;4;4;2;5;6;5;6
1880;2;64;4;1;4;2;79;0;5;6;1;1;-77;1;5;1;5;1;3;1;4;1;5;1;5;5;3;5;3;5;6;1;1;2;2;8;2;3;3;4;4;4;2;4;3;4;3;1;1;5;2;4;4;4;4;1;1;1;5;0;0;0;1;4;5;99;99;99;1;5;5;6;2;6;7;5;8
1884;1;48;3;3;3;1;98;115;4;5;1;1;1;2;3;1;3;2;2;2;1;1;2;2;2;4;3;4;5;4;4;2;3;4;3;8;2;2;2;1;1;1;3;3;4;1;2;1;1;4;1;2;2;2;4;2;2;2;3;-99;-99;1;3;2;4;4;1;4;6;2;2;5;2;7;7;5;1
1886;1;39;2;1;6;1;75;87;3;4;1;1;1;1;2;1;3;4;2;4;3;2;3;1;3;5;1;5;1;4;5;2;2;5;3;8;1;1;1;2;1;2;1;1;1;1;3;2;1;1;4;4;1;1;4;1;1;2;3;-99;-99;1;1;3;3;3;3;3;1;3;2;5;2;6;6;6;8
1887;1;52;3;5;4;1;338;375;6;6;1;1;1;1;4;1;4;4;3;4;3;1;3;1;3;4;3;4;3;6;6;2;2;1;2;8;3;2;2;1;1;1;2;1;2;1;3;1;1;4;4;4;4;4;4;4;4;4;4;-99;1;-99;2;2;4;3;3;3;10;4;5;3;2;4;7;2;1
1894;1;60;3;3;4;1;1311;1326;3;3;1;1;1;1;3;1;3;3;3;2;3;1;3;2;3;4;3;4;4;3;3;1;2;4;3;8;1;1;1;1;3;2;1;1;1;1;3;3;1;5;4;1;1;1;4;4;2;3;5;-99;-99;-99;1;5;4;3;4;4;5;4;2;4;2;6;6;6;1
1897;2;64;4;3;6;2;133;0;6;4;1;1;-77;2;4;2;4;2;3;2;3;2;3;1;3;4;2;4;2;6;6;4;4;1;2;8;2;1;2;2;3;2;2;1;3;2;2;1;1;5;4;2;1;1;4;1;2;1;4;-99;-99;-99;1;4;4;2;2;3;6;2;7;5;2;6;5;7;7
1898;1;43;2;5;4;2;1612;0;6;6;1;1;-77;1;3;1;1;2;2;4;2;1;5;1;3;5;3;5;3;6;6;3;3;6;2;8;4;1;1;2;1;1;3;3;2;1;1;1;2;4;4;NA;1;1;4;1;1;2;4;1;-99;-99;2;4;4;2;3;4;11;6;1;5;2;6;6;5;1
1899;1;51;3;4;4;1;69;75;5;5;3;1;2;3;2;3;2;3;3;2;2;3;2;2;2;4;2;3;2;6;4;3;3;5;1;8;3;2;2;2;2;2;2;2;2;2;3;3;1;3;4;1;1;1;3;3;3;3;3;-99;-99;1;3;99;99;99;99;99;9;4;4;4;2;4;4;4;1
1903;1;59;3;1;5;2;110;0;2;3;1;1;-77;2;2;2;1;2;2;2;2;2;2;2;2;3;4;4;4;3;4;2;2;2;2;8;2;2;1;2;2;2;1;1;2;1;2;3;2;4;2;1;1;1;4;4;2;3;4;-99;-99;-99;1;4;2;4;3;2;1;6;4;5;6;5;5;NA;7
1910;1;52;3;1;3;2;69;0;6;6;1;1;-77;2;2;2;2;4;4;4;4;2;4;2;3;4;2;4;2;6;6;1;1;1;2;8;2;2;3;2;3;2;2;2;2;2;3;2;1;1;2;1;1;1;4;2;4;5;5;0;0;0;1;5;4;4;1;4;3;6;2;5;2;4;6;5;8
1911;1;49;3;2;5;2;142;0;6;5;1;1;-77;1;4;2;3;3;3;3;3;2;3;1;2;4;3;5;4;5;3;1;2;3;2;8;1;1;3;1;2;2;2;3;3;1;2;2;2;4;4;1;1;1;4;1;1;1;3;0;0;0;2;4;4;3;5;5;4;4;1;4;2;6;6;4;3
1915;1;48;3;1;6;2;124;0;5;6;1;1;-77;2;3;2;3;2;2;3;2;2;2;3;2;4;2;4;2;3;5;3;3;4;2;8;5;2;1;2;4;1;2;1;2;1;1;1;1;4;2;1;1;1;4;3;3;4;4;-99;-99;-99;2;5;2;3;2;3;1;4;3;5;2;5;5;4;1
1918;1;40;2;3;6;2;118;0;6;6;1;1;-77;1;3;1;3;3;3;4;3;1;2;1;2;4;3;4;3;6;6;1;1;2;1;8;2;1;1;1;1;1;1;1;1;1;1;1;1;4;5;1;1;1;4;2;2;2;4;-99;-99;-99;1;3;3;3;3;3;6;5;6;5;2;5;6;3;1
1920;2;48;3;2;6;1;122;136;3;4;1;1;1;2;5;1;2;3;3;2;3;3;3;2;3;3;2;2;2;3;4;3;4;6;3;8;3;2;2;2;3;1;3;1;2;1;3;3;4;4;4;4;4;1;4;1;1;1;5;-99;-99;-99;1;4;4;3;99;4;4;5;4;4;2;5;7;1;1
1922;1;72;4;3;2;2;339;0;7;6;1;1;-77;2;1;2;1;2;3;2;3;2;2;2;2;5;3;5;2;6;5;4;4;4;1;8;2;3;2;2;2;1;1;1;1;1;2;4;2;2;1;1;1;1;4;3;4;2;5;0;0;0;2;4;5;3;3;4;5;5;5;5;2;3;5;NA;7
1926;1;53;3;1;2;1;74;89;5;1;1;1;1;1;1;1;1;3;2;4;2;2;3;2;3;4;3;4;3;6;2;2;2;3;2;8;1;2;3;2;2;2;3;2;2;2;2;2;2;4;4;3;1;1;4;5;1;1;5;0;0;0;1;4;3;3;4;3;2;2;2;2;2;2;4;5;3
1931;1;60;3;5;6;1;72;87;7;6;1;1;1;2;3;1;3;2;2;3;3;2;3;1;3;4;3;5;3;8;6;3;3;1;2;8;4;3;3;2;4;1;4;3;3;3;1;1;2;5;4;1;1;1;4;1;1;2;4;-99;-99;-99;2;5;5;5;3;4;11;3;5;5;2;2;3;5;1
1938;2;51;3;1;4;2;111;0;2;4;1;1;-77;5;5;4;4;3;5;2;4;4;5;4;4;3;3;4;3;2;3;4;4;6;3;8;1;2;2;2;2;2;2;3;3;2;4;5;5;4;1;2;2;1;4;1;1;1;4;-99;-99;-99;1;4;4;3;3;5;8;5;5;5;2;5;5;5;1
1939;2;61;4;2;4;1;138;144;5;5;3;1;1;3;4;2;4;3;4;3;4;3;4;3;4;3;3;3;3;5;5;3;3;3;2;8;2;2;3;3;3;1;2;3;2;2;3;3;2;4;4;2;1;1;4;3;4;4;5;-99;-99;-99;2;4;4;3;3;4;2;2;1;5;2;5;5;5;2
1940;1;63;4;5;4;1;122;143;5;6;1;1;1;1;3;2;4;2;3;1;1;1;3;1;2;5;4;4;3;5;6;2;2;3;2;8;2;2;1;3;4;3;2;1;5;3;2;1;1;5;3;1;1;2;4;2;3;4;5;-99;-99;-99;2;5;3;2;2;2;10;2;5;4;2;6;7;5;1
1945;1;38;2;4;5;2;90;0;7;6;1;1;-77;1;5;1;5;1;5;2;5;1;5;1;5;5;1;5;1;7;6;2;2;1;2;8;4;1;1;1;1;1;1;1;1;1;3;1;1;4;4;1;1;1;4;1;4;2;4;-99;-99;1;2;2;2;3;3;4;9;5;3;4;2;5;6;5;1
1947;1;53;3;2;4;1;110;131;6;1;1;1;1;1;1;1;1;1;1;1;1;1;1;1;1;4;3;4;3;6;1;1;1;1;1;8;1;1;1;1;2;2;1;1;1;1;1;1;3;5;3;1;1;1;4;2;4;4;4;0;0;0;2;5;3;4;3;3;99;4;4;4;2;5;6;4;3
1952;1;41;2;5;6;2;132;0;7;5;1;1;-77;1;1;1;1;1;1;1;1;1;2;1;2;5;4;5;5;7;5;1;1;1;2;8;3;1;1;1;1;1;1;1;3;1;1;1;1;5;2;1;1;1;4;1;2;2;3;1;-99;-99;2;4;4;3;3;2;99;3;6;5;2;6;6;5;1
1958;1;33;2;2;2;1;71;77;6;3;1;1;1;1;3;1;3;1;2;3;1;1;2;2;2;5;4;4;3;6;2;2;2;1;2;8;3;2;2;1;1;1;1;1;2;2;1;1;1;1;1;1;1;1;4;2;2;2;4;1;0;0;1;3;3;3;3;3;2;4;4;4;2;4;4;4;1
1959;2;33;2;5;4;2;48;0;4;4;3;1;-77;3;4;3;5;3;3;3;3;3;3;3;3;4;2;5;2;4;4;2;2;3;2;8;2;1;1;1;1;1;1;1;1;1;3;3;2;4;4;1;1;1;4;1;1;1;5;1;-99;-99;2;99;99;99;99;99;11;5;3;5;2;6;6;6;1
1965;1;54;3;4;1;1;131;150;8;7;1;1;1;1;3;1;3;2;3;3;3;1;3;1;3;5;3;5;3;7;7;2;2;4;2;8;2;3;3;2;2;1;3;2;2;2;3;1;1;4;4;1;1;1;4;2;3;3;3;-99;1;-99;3;5;2;5;2;3;9;3;4;4;2;6;6;5;99
1967;1;55;3;4;4;1;242;287;3;3;1;1;1;2;5;2;5;2;5;2;5;2;5;2;5;2;5;2;5;3;4;2;2;3;3;8;3;4;4;3;3;3;3;3;3;3;3;3;4;3;3;1;1;1;4;3;3;3;3;-99;-99;-99;2;3;4;3;3;4;11;4;4;4;2;4;5;4;1
1973;2;63;4;1;4;1;215;245;6;5;1;2;2;2;4;4;4;3;4;3;4;3;4;3;4;2;4;2;4;5;2;2;3;5;3;8;2;2;1;2;2;1;1;2;2;1;2;2;2;2;4;2;1;1;4;4;4;4;3;-99;-99;-99;1;1;3;3;3;4;4;3;5;5;3;5;5;5;2
1974;1;41;2;3;1;1;56;60;4;4;1;1;1;1;2;1;2;2;2;3;2;2;2;2;3;4;2;4;2;4;4;3;3;4;2;8;3;3;2;3;3;3;3;1;1;1;3;3;3;4;4;2;2;NA;2;4;4;3;4;1;0;0;1;2;2;3;3;3;6;4;2;4;4;2;3;4;3
1975;1;32;2;4;1;2;70;0;6;6;1;1;-77;1;4;1;3;4;4;3;3;2;4;2;3;4;2;4;4;6;6;2;2;4;2;8;3;2;2;3;2;1;1;1;2;2;3;2;2;4;5;1;1;1;4;2;4;4;5;-99;-99;-99;1;5;5;4;4;5;8;2;2;6;2;6;7;5;1
1976;2;61;4;1;2;2;162;0;4;4;1;1;-77;1;3;1;3;1;2;1;2;1;1;1;1;1;1;1;1;5;5;5;5;7;3;8;1;3;3;3;3;3;3;3;3;3;1;1;3;4;3;1;1;1;4;2;5;2;5;-99;-99;-99;2;3;3;3;3;3;1;4;4;4;2;4;4;4;2
1978;2;63;4;3;3;2;109;0;5;6;1;1;-77;2;3;2;3;3;2;3;2;2;2;2;2;4;3;4;3;5;6;3;3;3;2;8;3;2;2;1;3;1;1;2;2;1;3;3;3;4;3;1;4;1;4;1;1;1;3;0;0;0;1;4;4;3;3;4;4;5;2;4;2;6;4;5;1
1983;1;32;2;5;4;2;1132;0;6;6;1;1;-77;1;1;1;1;1;1;1;1;1;1;1;1;5;5;5;5;8;8;2;2;7;2;8;3;4;3;1;1;2;4;1;4;1;2;1;1;5;2;3;2;1;4;2;2;2;5;-99;-99;-99;2;4;5;1;4;4;11;1;1;7;2;7;7;7;1
1984;2;56;3;4;3;1;109;117;4;4;1;1;1;3;5;4;5;2;2;4;2;3;3;3;3;4;3;4;3;3;4;4;4;4;3;8;3;2;2;3;2;1;2;1;2;1;1;3;4;4;4;1;1;1;4;3;3;3;4;2;0;0;2;4;3;3;3;5;6;4;3;6;2;7;6;5;1
1991;1;54;3;2;2;1;78;82;5;5;1;1;1;2;1;2;1;3;1;3;1;1;1;1;1;5;5;4;5;3;5;2;3;1;2;8;2;2;1;1;2;1;1;2;2;1;3;3;3;5;5;1;3;1;4;3;3;5;5;1;-99;1;2;3;3;4;3;1;3;4;3;6;2;6;5;4;1
1992;2;38;2;4;2;1;50;53;4;6;1;1;1;1;4;1;4;2;4;2;4;1;4;1;4;5;3;5;3;4;4;3;3;2;2;8;3;1;1;2;1;1;1;1;2;1;2;1;1;5;4;4;1;3;4;3;3;3;5;1;-99;-99;2;4;4;2;4;3;10;1;3;4;2;5;4;4;1
1994;1;67;4;3;4;1;189;210;6;4;1;1;1;2;2;2;2;2;2;2;2;2;2;2;2;3;3;3;3;6;5;3;3;2;2;8;1;2;2;2;2;2;2;2;2;2;3;3;3;4;4;1;1;1;4;2;2;2;5;0;0;0;2;4;4;3;3;4;6;4;3;4;1;4;4;4;7
1995;2;58;3;3;5;2;75;0;5;5;1;1;-77;1;1;1;1;1;1;1;1;1;1;1;1;5;5;5;5;5;5;1;1;1;2;8;2;2;3;3;3;2;3;2;3;3;1;1;1;5;4;1;1;1;4;5;5;5;5;-99;-99;-99;1;3;3;3;3;1;6;1;3;7;2;6;4;5;1
1999;1;61;4;4;3;1;120;143;6;6;1;1;1;1;5;1;5;1;5;5;5;1;5;1;5;5;3;5;3;6;6;1;3;1;2;8;5;2;1;1;1;2;2;1;2;1;3;1;1;5;2;1;1;1;4;3;3;3;3;0;0;0;3;4;4;4;2;4;6;6;2;4;2;6;6;6;1
2000;2;66;4;2;4;1;229;256;4;4;1;1;1;3;4;3;4;3;4;3;4;2;5;2;5;4;3;4;4;3;4;3;3;3;3;8;3;3;5;2;1;1;2;2;3;2;3;1;1;4;2;2;1;1;4;1;1;1;5;-99;-99;-99;2;3;4;3;3;4;3;NA;5;5;1;5;5;4;7
2005;2;68;4;2;3;2;94;0;2;5;1;1;-77;3;5;4;5;2;5;4;3;3;4;4;4;2;2;2;2;3;5;4;4;2;3;8;2;2;2;3;3;3;2;2;3;3;1;4;4;4;4;2;2;2;4;2;1;2;5;0;0;0;2;4;4;3;3;4;5;4;2;3;2;6;6;6;2
2006;1;57;3;5;5;2;144;0;3;6;1;1;-77;2;4;2;4;3;4;4;4;2;3;2;4;4;2;4;2;4;6;1;1;4;2;8;2;3;3;3;3;3;3;3;3;3;3;2;2;4;2;1;1;1;4;2;3;3;5;-99;-99;-99;2;5;4;3;3;4;10;4;3;5;2;6;5;5;2
2007;2;53;3;1;2;1;131;150;4;4;1;1;1;3;3;2;3;3;3;3;3;2;3;2;3;4;3;4;4;4;4;2;2;3;2;8;2;3;3;3;3;1;1;3;3;1;3;3;2;3;4;4;4;1;4;4;3;3;3;-99;-99;-99;1;99;99;99;99;99;1;5;2;5;2;5;6;4;8
2008;1;35;2;5;4;2;153;0;4;2;1;1;-77;1;2;1;3;2;2;3;3;1;3;1;3;5;4;5;4;6;3;4;3;4;2;8;5;1;1;1;1;1;1;1;1;1;2;2;2;3;4;1;1;1;4;2;2;2;5;1;0;0;2;3;3;3;3;2;11;4;4;4;2;5;4;4;1
2010;2;56;3;5;4;1;68;76;6;6;1;1;1;1;2;1;1;2;1;1;1;2;2;2;2;4;3;4;3;6;6;3;3;3;2;8;4;3;3;4;4;3;3;3;3;3;3;3;2;4;4;1;1;1;4;4;4;4;5;-99;-99;-99;3;2;4;3;4;4;11;4;4;5;2;6;6;6;2
2011;2;57;3;2;2;1;97;110;3;4;1;1;1;2;4;2;4;1;1;3;3;2;2;3;2;4;3;4;3;4;4;1;2;1;3;8;5;1;1;1;1;1;2;1;1;1;1;2;2;5;4;1;1;1;4;1;1;2;5;-99;-99;-99;1;4;3;3;3;4;6;4;4;4;2;2;5;3;1
2013;2;61;4;3;5;1;128;136;6;6;1;1;1;3;4;2;4;2;4;2;4;2;4;2;5;4;2;4;2;6;6;3;3;1;2;8;2;2;2;2;2;2;2;2;2;2;3;3;2;4;4;1;1;1;4;2;2;2;4;-99;-99;-99;2;3;4;3;3;4;6;5;5;5;2;5;5;5;6
2014;2;53;3;2;1;2;158;0;4;4;1;1;-77;2;3;3;2;1;1;2;2;2;2;2;2;5;5;4;5;4;4;1;1;1;2;8;4;1;1;3;5;1;1;4;3;1;2;1;3;4;2;1;1;4;4;2;2;4;2;-99;-99;-99;1;4;4;3;3;4;2;5;3;7;2;7;7;5;1
2017;1;68;4;2;5;1;109;120;4;6;1;1;1;1;1;1;1;1;1;1;1;1;1;1;1;5;3;5;3;6;6;1;1;2;2;8;1;2;2;2;1;1;1;1;4;1;3;1;1;5;3;1;1;1;4;5;5;5;3;-99;-99;-99;2;4;4;3;3;4;4;2;1;6;2;7;5;2;7
2018;1;69;4;5;5;2;93;0;5;6;1;1;-77;2;5;1;5;4;5;3;4;1;5;1;5;5;3;5;3;5;6;3;3;4;2;8;1;2;2;3;3;3;3;4;4;2;1;1;1;5;4;1;1;1;4;4;3;5;4;-99;-99;-99;2;5;4;2;2;3;7;1;7;5;2;6;2;7;7
2020;1;58;3;1;2;1;200;250;5;5;1;1;1;4;5;3;3;2;4;1;1;3;4;3;4;2;3;2;2;5;5;3;1;2;6;8;1;2;2;2;2;1;1;1;1;1;3;3;3;4;3;4;4;4;4;5;5;5;4;1;1;1;1;1;5;1;5;4;99;4;4;3;5;6;3;3;1
2021;1;40;2;5;2;1;79;99;6;7;1;1;1;2;4;3;4;3;3;4;3;2;4;1;4;4;3;5;3;6;6;3;3;3;2;8;2;3;4;2;1;1;2;1;1;1;1;2;2;5;2;1;1;1;4;1;2;1;5;-99;-99;2;2;3;4;3;3;5;9;6;6;6;2;5;6;7;1
2027;2;56;3;1;1;1;80;95;6;4;1;1;1;4;4;4;4;3;5;3;5;3;3;3;3;4;3;4;2;6;4;3;3;1;2;8;1;2;2;3;2;2;2;2;2;2;3;2;2;5;4;2;2;1;4;2;2;2;5;0;0;0;1;4;4;3;3;4;2;3;3;4;2;4;5;2;2
2030;1;58;3;5;5;1;66;79;6;5;1;1;1;2;4;2;2;3;3;2;3;2;3;2;3;4;2;4;2;6;6;3;2;6;2;8;1;2;2;2;2;2;2;2;2;2;2;2;3;4;4;1;1;1;4;1;1;1;5;-99;-99;-99;3;4;4;3;3;4;11;4;5;5;2;5;6;3;1
2031;2;58;3;2;2;1;124;151;2;2;1;2;1;2;4;2;4;2;3;2;3;2;3;2;3;4;3;4;3;2;2;4;4;5;2;8;2;2;2;3;3;3;3;2;3;3;2;3;2;4;2;4;1;1;NA;3;2;3;3;0;0;0;2;2;3;3;3;3;2;3;5;5;2;5;5;5;1
2032;1;59;3;1;2;1;185;230;7;2;1;1;1;1;5;2;4;4;5;3;3;1;3;1;3;4;4;4;4;6;6;2;2;4;2;8;1;2;2;1;1;1;1;2;2;1;3;2;2;4;1;4;4;1;4;1;2;2;5;0;0;0;1;3;3;3;3;3;1;4;3;5;2;5;5;4;5
2034;2;39;2;3;2;2;89;0;6;6;1;1;-77;1;4;1;4;5;4;5;5;1;4;1;4;5;2;5;2;4;5;3;3;4;2;8;4;3;2;2;2;2;2;2;3;2;2;2;2;4;3;4;4;1;4;4;2;3;5;-99;1;1;2;99;99;99;99;4;5;4;5;5;2;5;5;5;1
2041;1;63;4;2;6;2;57;0;3;4;1;1;-77;1;4;2;2;2;4;4;4;2;3;2;3;4;3;4;3;3;4;2;2;2;3;8;2;3;3;3;3;3;3;3;2;2;3;3;2;4;2;2;1;1;4;3;3;4;5;0;0;0;1;4;4;3;3;4;2;5;3;5;2;5;5;5;3
2046;1;62;4;1;3;1;55;59;6;6;1;1;1;3;3;3;3;3;3;3;3;3;3;3;3;3;3;3;3;4;4;3;3;5;3;8;2;2;2;2;2;2;2;2;2;2;3;3;3;3;3;2;2;2;3;3;3;3;5;-99;-99;-99;2;3;3;3;3;3;2;4;4;4;4;4;4;4;7
2051;1;46;3;1;5;2;82;0;2;3;1;1;-77;1;1;1;1;1;1;1;1;1;1;1;1;1;1;1;1;1;5;1;1;1;2;8;2;1;2;3;4;5;4;3;2;1;1;1;1;1;4;4;4;4;2;5;5;5;3;-99;-99;-99;1;1;1;1;1;1;1;1;1;1;1;1;1;1;1
2060;2;41;2;5;3;1;31;39;7;7;1;1;1;2;4;2;4;4;4;5;4;4;4;2;4;5;3;5;3;6;6;2;3;6;2;8;2;3;2;4;2;2;2;2;3;2;2;4;2;4;4;1;1;1;4;2;2;2;5;-99;1;1;2;4;2;2;4;4;11;7;5;5;2;5;6;5;1
2065;1;52;3;3;4;1;61;74;4;6;1;1;1;1;4;1;4;1;3;1;3;1;4;1;4;5;4;5;4;3;6;2;2;1;2;8;1;3;2;2;3;2;2;2;3;2;2;2;3;4;4;2;4;1;4;3;2;2;3;0;0;0;2;4;2;4;3;2;5;5;5;4;2;5;5;4;1
2068;1;34;2;1;1;2;67;0;3;4;1;1;-77;2;2;2;2;1;1;2;2;2;2;2;2;2;2;2;2;4;4;1;1;5;2;8;2;1;1;2;1;1;1;1;1;1;3;3;3;5;2;1;1;1;1;3;3;3;2;-99;-99;-99;1;3;3;3;3;3;1;5;3;4;2;4;5;2;5
2087;2;55;3;1;5;1;114;129;4;4;1;1;1;2;5;1;5;2;4;2;4;1;5;1;5;5;3;5;3;4;4;2;2;4;2;8;2;2;2;1;2;2;2;2;3;3;3;2;1;2;2;1;1;1;4;1;1;1;4;-99;-99;-99;2;4;5;3;3;5;1;4;3;3;2;5;5;3;1
2092;1;52;3;4;2;2;51;0;3;4;1;1;-77;1;3;1;2;2;2;2;2;2;3;2;3;2;2;2;2;3;4;2;2;1;2;8;2;3;2;3;2;2;3;3;3;2;2;3;2;2;3;2;2;3;3;2;3;3;99;-99;-99;1;2;3;3;3;3;3;8;4;3;4;3;3;4;4;2
2093;1;36;2;4;1;2;89;0;4;4;1;1;-77;2;1;3;1;2;3;4;3;2;1;2;1;4;3;4;3;4;4;2;2;5;2;8;2;3;2;2;2;2;2;1;1;1;1;1;1;4;5;1;1;1;4;1;1;1;5;1;-99;1;2;4;3;3;3;3;7;2;5;5;2;6;5;5;1
2101;2;39;2;4;5;2;80;0;6;6;1;1;-77;2;5;2;5;4;5;4;5;2;3;2;3;4;3;4;3;5;6;3;3;4;2;8;4;1;1;1;1;1;1;2;2;1;2;2;2;4;4;2;1;1;5;1;1;1;5;-99;1;-99;1;4;4;3;4;4;7;4;4;5;2;5;5;4;1
2105;2;57;3;1;3;2;44;0;5;6;1;1;-77;2;4;1;1;1;1;1;1;2;3;2;3;4;3;4;3;5;6;3;3;1;2;8;2;3;3;3;3;3;3;3;3;3;2;3;3;3;4;1;1;1;4;1;2;2;5;-99;-99;-99;2;5;5;2;2;5;2;6;3;5;2;6;6;6;1
2125;2;54;3;3;2;1;134;159;6;4;1;1;1;3;5;3;5;3;5;4;5;3;5;3;5;4;2;5;2;6;4;2;4;5;2;8;1;3;3;3;3;2;2;2;2;2;3;4;2;4;4;1;1;1;4;1;1;1;5;-99;-99;-99;1;4;4;3;99;5;5;4;5;2;2;3;5;5;6
2137;1;31;2;5;6;2;86;0;6;5;1;1;-77;2;5;2;5;4;5;4;5;2;4;2;4;4;3;4;3;6;4;3;3;6;2;8;5;1;2;1;1;1;1;1;1;1;2;2;2;5;4;1;1;1;4;4;4;1;3;-99;-99;1;3;4;4;2;4;4;11;5;4;5;2;5;5;5;1
2139;2;33;2;2;5;1;63;72;5;6;3;1;1;1;4;1;2;2;2;2;4;1;4;1;2;4;3;5;3;5;6;2;1;4;3;8;4;1;1;1;1;1;1;1;2;1;3;2;2;4;4;2;1;1;4;4;4;5;3;0;0;0;2;3;3;3;3;2;3;5;6;5;2;5;5;4;1
2141;2;40;2;4;2;2;56;0;7;7;1;1;-77;1;5;1;3;3;4;4;4;1;4;1;3;4;3;5;3;7;7;4;4;4;2;8;2;2;2;2;1;1;1;2;2;1;1;2;2;5;3;4;1;1;4;1;1;2;5;-99;-99;-99;2;99;99;99;99;99;7;5;3;3;2;6;5;5;1
2144;2;32;2;4;4;2;97;0;1;1;1;1;-77;4;5;4;4;2;5;3;4;5;5;4;5;3;3;4;3;1;1;4;4;3;4;8;3;3;3;3;3;3;3;3;4;3;4;3;4;4;4;1;1;1;4;1;1;1;5;-99;-99;-99;2;4;4;3;3;4;8;4;3;4;2;6;5;6;1
2145;2;64;4;1;2;2;132;0;4;4;1;1;-77;1;1;2;3;5;1;5;3;1;3;1;3;5;3;5;3;4;4;2;2;1;2;8;1;2;2;1;1;1;2;2;2;1;1;1;1;4;3;1;1;1;4;3;3;3;3;-99;-99;-99;2;3;3;3;3;3;5;4;5;6;2;6;5;4;7
2150;1;52;3;3;1;1;181;190;1;NA;3;1;1;3;4;3;3;1;2;2;2;2;2;2;2;5;2;4;1;1;5;4;4;2;4;8;5;3;3;3;NA;3;3;3;3;3;4;4;4;4;4;4;1;1;4;2;2;4;4;-99;-99;-99;2;3;1;1;3;3;6;3;5;4;4;5;6;3;1
2151;2;47;3;4;2;2;122;0;4;6;1;1;-77;4;5;1;5;5;5;2;5;4;5;3;4;4;3;4;3;4;6;4;4;3;3;8;2;3;2;2;1;1;1;1;1;1;3;3;3;4;4;1;2;1;4;1;1;1;5;-99;-99;1;2;4;5;4;4;5;8;5;5;5;2;5;6;4;1
2155;1;33;2;5;4;2;51;0;5;7;1;1;-77;4;1;4;1;4;2;4;2;4;2;4;2;4;2;4;2;5;6;2;2;3;2;8;5;3;3;2;2;1;2;2;3;4;2;2;2;4;5;1;1;1;4;1;1;1;5;-99;-99;-99;2;3;5;5;4;5;11;2;2;4;2;6;5;5;3
2156;2;46;3;1;2;2;92;0;6;6;1;1;-77;1;1;1;1;2;2;2;2;2;3;2;3;4;4;4;5;6;6;4;4;5;2;8;3;3;2;2;3;1;2;3;3;2;4;3;2;4;2;2;3;2;4;1;1;1;5;-99;-99;-99;4;2;3;3;3;3;2;5;6;6;2;5;6;5;1
2160;1;40;2;3;4;2;115;0;4;6;1;1;-77;4;4;5;5;3;3;4;4;3;3;4;2;4;3;4;4;4;6;3;3;4;2;8;4;3;3;1;1;1;2;1;1;2;4;2;2;4;4;1;4;1;4;2;2;3;3;-99;-99;1;2;2;4;2;3;2;6;4;4;4;4;5;5;3;1
2162;1;45;2;3;6;1;136;151;4;4;1;1;1;1;1;3;3;1;2;2;2;2;2;1;2;3;3;4;3;4;4;3;3;6;2;8;1;1;1;1;1;1;1;1;1;1;3;1;1;1;3;2;2;1;3;3;3;3;2;0;0;1;3;3;3;3;3;2;99;4;4;4;4;4;5;4;1
2164;2;50;3;2;5;1;128;150;7;6;1;1;1;2;2;2;2;2;4;4;4;2;4;4;4;5;3;4;4;7;5;2;3;1;2;8;3;3;2;3;3;3;3;2;3;2;5;2;3;3;4;4;2;1;4;2;2;3;5;-99;-99;-99;3;4;4;99;99;4;5;2;5;5;2;6;5;5;1
2165;2;64;4;4;6;1;107;123;1;2;1;1;1;3;5;3;5;3;5;2;5;3;5;3;4;4;3;4;3;1;1;4;4;4;4;8;1;3;3;1;1;1;2;1;1;1;3;5;4;4;4;1;1;1;4;3;2;2;4;-99;-99;-99;2;3;3;3;3;3;1;4;5;5;4;6;4;4;1
2166;2;37;2;4;6;1;73;86;6;5;1;1;1;1;4;1;4;1;5;1;4;1;5;1;4;4;2;5;1;6;5;1;2;4;2;8;3;2;2;1;1;1;2;3;2;1;1;2;1;5;5;1;1;1;4;2;3;5;4;-99;-99;2;1;5;4;3;4;4;8;3;2;6;2;7;7;7;1
2167;2;71;4;4;4;1;289;348;6;6;1;1;1;2;5;2;5;2;4;4;4;2;4;2;4;4;3;4;3;6;6;4;4;3;2;8;4;2;2;2;2;1;1;1;1;1;2;4;2;4;4;1;1;1;4;2;2;2;5;0;0;0;2;2;3;2;3;4;7;2;3;5;2;6;6;4;7
2170;2;69;4;3;3;2;102;0;5;2;1;1;-77;2;3;1;4;1;4;1;4;1;4;1;4;5;2;5;2;5;4;2;3;2;3;8;2;3;2;3;2;1;2;1;2;3;2;2;2;5;3;1;1;1;4;1;1;1;5;-99;-99;-99;1;5;4;3;3;4;5;3;1;5;2;6;7;3;7
2172;2;62;4;1;5;2;96;0;2;2;1;1;-77;2;4;2;2;2;4;5;4;2;2;2;2;3;3;5;3;2;3;2;2;3;3;8;4;3;3;3;3;3;3;3;3;3;2;4;4;5;4;1;1;1;4;1;2;2;5;-99;-99;1;4;4;4;4;4;4;1;6;6;6;2;6;6;6;1
2180;1;73;4;3;3;2;84;0;3;6;1;1;-77;4;2;3;2;2;3;4;2;4;3;4;2;3;3;4;2;3;6;2;4;2;2;8;1;3;3;3;3;2;3;3;4;3;3;3;3;4;4;1;1;1;4;1;1;1;5;-99;-99;-99;1;4;5;3;4;5;5;5;3;6;2;6;6;2;7
2181;2;67;4;1;6;2;186;0;4;4;1;1;-77;2;4;4;4;4;4;2;4;2;4;2;4;5;2;5;3;4;5;2;3;3;3;8;1;3;2;3;NA;1;2;2;2;2;1;1;1;4;4;1;1;1;4;2;2;2;3;0;0;0;1;4;4;3;3;4;2;5;2;5;2;6;6;4;7
2183;1;62;4;3;2;2;170;0;6;3;1;1;-77;1;4;1;4;1;4;1;4;1;3;1;3;5;3;5;5;6;5;1;1;7;2;8;1;1;1;1;1;1;1;2;2;1;4;1;1;5;3;4;1;1;4;3;2;3;5;0;0;0;4;3;5;3;3;1;6;6;1;5;2;6;6;1;2
2184;2;48;3;2;2;1;85;108;4;4;1;1;1;2;4;2;4;3;4;3;4;2;4;2;4;5;3;4;2;6;7;2;2;4;2;8;5;3;3;3;3;1;3;3;4;2;2;1;1;5;4;3;1;2;4;2;4;1;5;-99;1;-99;1;4;4;3;3;4;3;4;3;4;2;4;4;4;1
2194;1;71;4;3;3;2;77;0;6;2;1;1;-77;2;4;2;4;2;2;2;2;1;4;1;4;4;4;4;4;7;3;3;3;6;2;8;2;1;1;1;1;1;1;1;1;1;1;1;1;5;3;1;1;1;4;3;2;5;3;0;0;0;2;4;3;3;3;3;5;5;4;5;2;5;5;5;7
2196;1;66;4;5;3;1;227;238;6;5;1;1;1;3;4;1;2;3;3;2;2;3;3;3;3;4;2;4;4;6;4;3;3;3;2;8;2;2;2;1;1;1;2;3;3;1;3;3;4;4;4;1;1;1;4;2;2;2;5;-99;-99;-99;2;4;2;2;2;4;9;4;3;3;2;3;3;5;2
2197;1;64;4;3;6;1;71;84;6;6;1;1;1;2;4;2;4;2;4;2;4;2;4;2;4;4;3;4;3;6;6;4;4;4;2;8;2;2;2;2;2;2;2;2;2;2;2;2;2;4;4;1;1;1;4;2;2;2;4;-99;-99;-99;2;4;4;3;2;3;8;4;5;3;2;5;5;5;1
2198;2;80;4;2;5;2;155;0;3;6;1;1;-77;2;3;2;3;2;3;2;3;1;3;1;3;5;3;4;3;4;6;3;3;4;2;8;2;2;2;3;2;1;1;1;1;2;3;3;2;5;4;1;1;1;5;3;3;3;5;0;0;0;1;4;4;4;3;3;3;3;2;3;2;5;5;5;2
2204;1;38;2;4;4;1;87;102;1;4;1;1;1;1;1;1;1;1;1;1;1;1;1;1;1;4;4;4;4;4;4;2;3;1;3;8;4;1;1;1;1;1;1;1;1;1;1;2;2;4;4;1;4;1;4;2;4;4;3;0;0;1;1;99;99;99;99;99;7;3;5;5;2;5;6;5;1
2206;2;47;3;5;4;1;94;112;2;6;1;1;1;1;1;1;1;1;1;1;1;1;1;1;1;4;4;4;4;4;6;1;2;1;2;8;5;2;2;2;2;2;2;2;2;2;3;1;1;4;5;1;1;1;4;1;1;1;5;-99;-99;-99;1;1;4;3;3;4;9;4;1;6;2;5;6;6;1
2210;1;68;4;4;1;2;101;0;6;3;1;1;-77;3;4;4;4;3;4;3;4;3;3;3;3;4;3;4;3;6;5;3;3;2;2;8;3;2;2;2;2;2;NA;3;2;1;2;2;1;1;3;1;1;1;4;1;1;1;3;-99;-99;-99;2;3;4;3;3;4;8;4;2;5;2;5;6;6;1
2211;1;85;4;4;4;2;352;0;6;5;1;1;-77;2;3;3;3;3;3;3;2;3;3;3;2;4;2;4;3;7;6;3;3;2;2;-99;2;3;2;2;2;2;2;2;2;1;3;3;3;4;3;1;1;1;4;2;4;4;5;-99;-99;-99;2;4;5;3;3;4;7;3;3;5;NA;5;5;5;7
2215;2;61;4;4;2;2;72;0;7;5;1;1;-77;1;2;1;3;5;5;5;4;1;2;1;3;4;4;5;3;7;5;2;3;3;2;8;1;1;1;1;1;1;1;1;1;1;2;3;1;4;4;1;1;1;4;2;2;2;5;-99;-99;-99;2;4;99;99;99;99;8;3;3;5;2;5;3;3;1
2217;1;62;4;4;4;2;147;0;6;6;1;2;-77;2;4;2;4;4;5;4;4;2;4;2;4;4;2;4;2;6;6;2;2;4;2;8;1;4;3;3;3;3;3;4;4;3;2;2;2;4;4;4;2;1;4;2;2;2;4;-99;-99;-99;1;99;4;99;2;99;99;4;4;5;3;6;5;4;1
2223;2;56;3;1;5;1;128;150;4;4;1;1;1;2;4;2;3;2;4;3;3;3;4;3;4;4;3;4;4;4;4;3;3;2;2;8;2;3;3;2;2;1;2;3;3;1;1;1;1;5;4;1;1;1;4;5;2;2;5;-99;-99;-99;1;4;99;99;99;4;9;5;3;4;2;5;6;6;7
2224;2;46;3;4;4;2;79;0;3;3;1;1;-77;2;1;2;2;1;1;1;1;1;1;1;1;5;4;5;4;3;3;3;3;7;2;8;3;2;2;2;2;2;2;2;2;2;3;3;3;3;3;2;2;1;4;3;3;3;5;0;1;0;1;3;4;4;4;4;7;4;3;4;2;4;5;5;1
2225;1;49;3;3;3;1;63;75;4;2;1;1;1;1;4;1;4;2;4;2;4;1;5;1;5;5;3;5;3;6;3;3;3;2;3;8;5;2;2;1;1;1;2;1;3;1;4;2;1;5;4;1;1;1;5;1;1;1;5;-99;-99;-99;2;4;4;1;4;4;7;5;2;3;2;4;6;3;1
2226;2;65;4;2;1;1;94;107;3;4;1;1;1;1;4;1;4;1;3;1;3;1;3;1;3;5;3;5;3;3;4;3;3;2;2;8;1;1;1;1;1;1;1;1;2;1;2;2;2;4;1;3;2;2;4;3;3;4;3;-99;-99;-99;2;99;99;99;99;99;4;4;3;5;2;5;4;4;7
2237;2;69;4;4;3;1;121;138;6;5;1;1;1;1;4;1;4;3;4;4;4;1;4;2;4;4;3;4;3;6;5;2;2;4;2;8;2;2;2;3;3;3;2;2;2;2;2;2;2;4;4;2;1;1;4;3;4;3;5;-99;-99;-99;4;4;4;3;4;4;6;5;5;5;2;6;6;3;7
2238;1;69;4;1;5;1;127;155;4;4;1;1;1;1;4;1;4;1;4;1;3;1;3;1;4;5;3;5;3;4;4;2;3;4;2;8;2;1;1;2;2;1;1;3;1;1;2;2;2;5;4;2;2;1;4;3;4;4;3;0;0;0;1;4;4;2;2;4;2;4;3;5;2;3;5;3;7
2239;1;70;4;1;3;1;249;255;2;5;1;1;1;1;3;1;4;3;3;2;2;2;2;2;2;4;3;4;3;2;5;3;3;2;2;8;2;3;2;2;2;1;1;1;3;2;2;2;2;4;4;1;1;1;4;4;4;5;5;-99;-99;-99;2;4;3;3;3;2;1;5;3;5;2;6;7;3;7
2241;2;33;2;5;2;1;130;145;7;6;1;1;1;1;5;1;4;1;5;3;5;1;5;1;5;5;2;5;2;6;5;4;4;4;2;8;3;2;1;2;2;1;1;1;1;1;2;2;1;4;4;3;3;2;4;2;2;2;5;-99;-99;2;2;3;3;3;3;4;9;5;2;5;2;5;6;4;1
2242;2;75;4;1;4;1;78;86;2;2;1;1;1;1;1;1;1;1;3;1;3;1;3;1;3;5;3;5;3;4;4;1;3;7;1;8;1;1;1;1;1;1;1;1;1;1;3;3;3;3;2;4;1;1;4;3;3;3;3;1;1;1;1;3;3;3;3;3;2;4;3;6;4;5;5;5;7
2248;1;51;3;5;3;1;69;81;8;6;1;1;1;1;1;1;1;1;1;1;1;1;1;1;1;5;3;5;3;8;6;3;3;3;1;8;5;3;3;3;3;3;3;3;3;3;2;2;2;4;2;1;1;1;4;2;2;3;5;0;1;2;2;3;3;3;3;3;2;2;4;5;2;5;3;5;1
2249;1;41;2;5;3;2;267;0;6;6;1;1;-77;2;3;2;3;2;1;4;2;2;3;2;3;4;3;4;3;6;6;1;1;2;2;8;1;2;2;1;1;1;2;1;1;1;1;1;1;4;4;1;1;1;4;1;1;1;5;-99;-99;-99;2;4;4;1;5;4;11;3;2;3;2;4;5;6;6
2256;1;77;4;4;4;2;275;0;6;5;1;1;-77;3;4;2;4;3;4;4;4;3;4;2;4;4;3;4;3;6;5;4;4;3;2;8;2;2;3;3;4;2;3;2;4;3;3;4;3;4;2;4;1;1;4;2;3;3;5;-99;-99;-99;2;4;3;4;3;4;9;3;5;4;2;3;5;5;1
2262;2;47;3;3;6;1;119;134;5;5;1;1;1;1;5;1;5;4;1;5;1;1;5;3;4;5;3;5;3;4;4;5;5;7;2;8;5;1;1;1;1;1;1;1;1;1;1;2;2;5;4;1;1;2;4;4;2;2;3;-99;-99;-99;1;3;3;3;3;3;6;4;6;5;2;6;6;7;1
2268;1;65;4;2;5;1;136;162;4;2;1;1;1;1;2;2;2;2;2;4;2;1;2;2;2;4;3;4;4;4;3;3;3;2;2;8;2;1;1;3;2;1;1;1;1;1;1;2;1;4;4;2;1;2;4;1;1;2;4;0;0;0;2;4;4;3;3;4;4;4;3;6;2;6;7;4;7
2269;2;61;4;3;4;1;127;146;6;6;1;1;2;2;4;2;4;4;4;4;4;2;4;2;4;4;4;4;4;6;5;2;2;3;2;8;3;3;3;3;4;4;3;3;3;3;2;2;2;5;4;1;1;1;4;4;2;2;4;0;0;0;3;4;4;2;2;4;5;5;5;5;2;6;5;3;1
2271;1;63;4;2;4;2;144;0;5;5;1;1;-77;1;1;1;1;NA;0;NA;0;1;1;1;1;5;4;5;5;5;5;1;1;7;2;8;1;3;3;3;3;1;1;1;1;1;1;1;1;4;1;1;1;1;4;4;4;5;3;-99;-99;-99;3;5;3;5;5;4;3;5;5;6;2;5;3;4;7
2273;2;42;2;3;2;2;132;0;1;1;1;1;-77;5;5;2;5;3;3;2;5;5;5;2;5;3;3;4;3;1;1;4;4;5;5;8;2;2;2;3;2;2;2;2;3;2;2;2;2;4;2;1;1;1;4;1;1;1;5;0;0;0;1;1;3;3;3;3;5;2;5;4;2;6;5;6;1
2274;1;65;4;4;5;2;142;0;4;2;1;1;-77;3;5;2;2;1;3;4;3;3;4;2;5;3;3;4;2;3;4;2;3;3;3;8;2;2;2;2;2;1;3;3;3;3;3;2;3;4;4;1;1;1;4;2;3;3;5;0;0;0;2;4;4;2;3;4;8;4;3;4;2;5;5;5;7
2276;1;64;4;4;5;2;102;0;6;4;1;1;-77;1;1;3;3;1;4;3;3;1;3;1;4;5;4;5;5;5;6;1;2;4;2;8;3;3;4;3;3;1;2;4;4;3;1;1;5;5;4;1;1;1;4;3;2;4;5;-99;-99;-99;3;5;4;3;3;4;8;2;2;6;2;3;3;3;3
2277;1;75;4;3;6;1;173;190;2;5;1;1;1;2;3;2;3;2;2;2;2;1;3;1;3;5;3;5;3;2;4;3;3;7;3;8;1;3;3;2;3;1;2;1;1;1;3;3;2;4;3;2;1;2;4;4;2;3;5;0;0;0;2;3;4;2;2;4;6;4;2;5;2;6;7;1;3
2278;2;68;4;3;3;1;102;120;6;6;1;1;1;1;5;1;5;2;5;1;5;1;5;1;5;5;3;1;3;6;6;4;4;4;2;8;2;4;4;4;3;2;4;2;5;3;1;3;1;5;4;1;1;1;4;1;2;2;5;0;0;0;1;4;4;3;2;5;6;5;4;5;2;4;6;NA;2
2281;1;48;3;4;6;2;108;0;6;6;1;1;-77;1;1;1;1;1;1;1;1;1;1;1;1;5;4;5;4;7;6;3;2;7;2;8;1;1;1;1;1;1;1;1;1;1;1;1;1;4;4;1;1;1;4;3;5;5;4;0;0;0;3;2;4;3;1;3;8;4;3;4;2;6;5;5;1
2284;2;67;4;4;4;1;84;94;6;6;1;1;1;2;2;2;2;1;3;1;3;1;3;1;3;5;3;5;3;6;6;2;2;2;2;8;2;3;3;3;2;2;2;3;2;2;2;2;2;3;2;1;1;1;4;2;2;2;5;0;0;0;2;4;4;3;2;4;9;3;3;5;5;2;3;2;1
2293;1;54;3;3;1;2;72;0;4;4;1;1;-77;1;4;1;3;1;1;1;1;1;3;1;3;5;3;5;5;4;4;1;1;7;3;8;1;2;2;2;3;2;2;2;2;2;2;1;1;4;4;1;1;1;4;5;5;5;4;-99;-99;-99;2;3;3;3;3;3;7;6;2;6;2;6;6;4;1
2294;1;74;4;3;3;2;291;0;2;6;1;1;-77;2;5;2;5;2;5;2;5;2;5;2;5;2;5;2;5;2;6;3;3;4;2;8;1;1;2;2;2;2;2;2;2;1;3;3;4;4;3;1;1;1;3;3;3;3;5;0;0;0;2;3;5;3;4;4;7;3;2;5;2;5;5;5;7
2302;2;75;4;1;4;1;150;170;3;3;1;1;1;3;4;3;4;3;4;3;4;3;4;3;4;4;3;4;4;3;2;3;3;1;2;8;1;3;3;3;3;3;3;3;3;3;3;3;2;4;4;1;2;1;4;1;1;1;4;-99;-99;-99;1;4;4;4;4;4;1;4;4;4;2;4;4;4;7
2305;1;59;3;4;4;2;119;0;5;5;1;1;-77;2;4;3;4;2;5;2;5;3;4;3;5;3;3;4;3;4;5;4;4;5;3;8;2;3;4;4;4;3;3;3;4;4;3;4;4;4;4;1;1;1;4;2;2;3;4;-99;1;-99;2;99;4;99;99;4;8;4;5;6;2;5;6;6;1
2306;2;77;4;1;4;2;137;0;4;4;1;1;-77;1;5;2;4;2;4;2;2;2;5;2;5;4;3;4;2;4;4;4;4;3;2;8;2;3;2;3;2;2;2;1;3;2;2;1;2;3;2;2;1;1;4;2;1;2;4;0;0;0;2;2;4;2;2;4;2;5;3;5;2;6;5;3;7
2318;2;82;4;1;3;1;113;127;4;4;1;1;1;1;5;2;4;5;3;4;4;1;3;3;3;5;3;4;3;4;4;3;3;1;3;8;1;3;2;4;4;1;1;3;2;2;2;2;2;4;1;3;1;2;5;2;2;3;5;0;0;0;1;5;3;3;3;4;3;6;4;6;2;6;6;NA;7
2322;1;68;4;4;5;1;41;49;6;6;1;1;1;3;4;3;4;3;4;3;4;3;3;3;3;3;3;3;3;6;6;2;3;3;2;8;3;2;2;2;2;2;2;2;2;2;3;3;3;4;4;1;1;1;3;2;2;2;5;0;0;0;2;4;4;3;4;4;9;5;5;6;3;5;5;5;7
2323;1;65;4;3;4;1;48;55;7;6;1;1;1;2;4;2;4;4;4;4;4;2;4;2;4;4;4;4;4;7;6;2;2;3;2;8;2;4;4;4;4;4;4;4;3;3;2;2;2;4;2;1;1;1;4;2;4;2;2;0;0;0;3;4;4;2;2;4;5;2;2;5;2;5;5;5;7
2327;1;80;4;4;3;1;95;113;2;7;1;1;1;1;3;2;2;2;2;2;1;1;2;2;2;4;1;2;2;2;7;2;2;2;2;8;2;3;2;2;2;2;2;3;3;2;3;4;2;5;4;1;1;1;4;3;3;3;5;0;0;0;1;4;3;3;4;4;8;3;3;4;2;5;5;5;7
2329;2;72;4;4;5;1;127;148;6;6;1;1;1;4;4;2;4;2;4;2;4;3;4;3;4;4;3;5;2;6;6;3;3;3;2;8;3;3;3;3;3;3;3;3;3;2;2;3;3;4;4;1;1;1;4;3;3;3;4;-99;-99;-99;2;4;4;3;3;4;7;5;4;4;2;4;5;5;3
2333;2;65;4;1;5;2;88;0;3;3;1;1;-77;2;2;2;2;3;2;3;2;2;2;2;2;4;3;4;4;4;4;2;3;1;2;8;2;1;1;1;2;1;1;1;1;1;3;3;3;4;4;1;1;1;NA;2;2;1;3;-99;-99;-99;1;3;3;3;3;3;99;4;2;6;2;5;6;NA;7
2336;1;62;4;2;4;1;125;153;5;7;1;1;1;1;5;1;5;4;5;3;4;1;4;1;4;3;4;4;3;5;6;3;2;1;3;8;2;3;4;4;1;1;2;3;3;2;2;3;2;5;2;1;1;1;4;5;5;5;5;1;1;1;2;5;5;5;2;4;4;5;4;2;2;5;7;5;1
2338;1;58;3;5;2;2;142;0;6;5;1;1;-77;3;4;3;4;2;4;2;4;3;4;3;4;4;4;4;4;6;5;3;3;2;2;8;4;2;2;2;2;1;2;1;2;2;1;2;2;4;3;1;1;1;4;1;1;1;5;-99;-99;-99;2;2;3;3;3;4;9;3;3;4;2;5;5;5;1
2341;1;39;2;3;3;1;88;105;3;6;1;1;1;2;3;2;2;2;2;2;2;2;2;2;2;4;3;4;3;6;6;3;3;2;2;8;4;1;1;2;1;1;2;2;2;1;2;2;2;3;4;1;1;1;4;3;3;3;5;1;0;1;2;3;3;3;3;3;99;4;5;5;2;5;6;5;1
2342;1;67;4;5;1;1;102;119;6;4;1;1;1;1;3;1;3;3;2;4;4;1;4;1;4;4;3;4;3;6;5;3;3;4;2;8;2;1;2;1;2;1;2;1;2;2;3;1;2;4;3;1;1;1;4;2;2;3;5;-99;-99;-99;2;4;4;4;3;4;10;4;3;5;2;4;4;5;1
2343;2;57;3;5;1;1;45;53;6;6;1;1;1;3;4;2;4;2;3;2;2;3;4;3;4;4;3;4;3;6;6;3;3;6;2;8;5;2;1;1;2;1;2;3;2;2;3;2;2;2;4;1;1;1;4;2;2;2;4;-99;-99;-99;3;4;3;3;3;4;10;5;4;5;2;5;5;3;1
2347;2;62;4;2;4;2;1501;0;4;5;1;1;-77;3;4;3;3;3;5;4;4;3;4;4;4;4;4;4;4;5;6;4;4;6;2;8;5;4;4;3;3;2;2;2;4;3;3;3;3;4;2;1;1;1;4;2;2;2;5;-99;-99;-99;2;4;4;4;4;4;8;5;5;6;2;5;6;6;1
2353;1;64;4;4;2;2;109;0;3;4;1;1;-77;3;4;3;4;3;4;3;4;3;4;3;4;3;4;3;4;3;4;3;3;2;3;8;2;3;3;3;3;3;3;3;4;3;4;4;4;4;2;3;2;2;4;3;2;3;5;0;0;0;2;3;4;3;4;4;8;4;5;5;2;6;6;5;1
2354;1;42;2;3;4;2;90;0;7;7;1;1;-77;2;1;2;1;1;1;1;1;1;1;1;1;4;3;4;3;8;8;1;1;1;2;8;1;2;3;1;1;1;1;1;1;1;1;1;1;5;5;1;1;1;4;1;1;1;3;0;0;2;2;3;3;3;3;3;5;2;1;3;2;6;1;6;1
2357;1;54;3;1;2;1;91;102;3;3;1;1;1;1;1;3;1;3;3;3;3;3;3;3;3;3;3;3;3;3;3;3;3;5;3;8;3;1;1;1;1;1;1;1;1;1;3;3;3;3;4;2;2;2;3;3;3;4;4;0;0;0;2;3;4;2;4;4;1;4;4;3;4;4;4;4;1
2361;2;37;2;4;4;2;71;0;6;6;1;1;-77;2;5;1;4;4;5;3;5;2;5;2;5;5;2;4;1;6;6;4;4;1;2;8;2;2;2;2;2;1;2;1;2;1;1;1;1;5;4;2;1;1;4;1;1;1;5;-99;-99;-99;2;4;5;2;5;5;8;3;6;5;2;2;5;3;3
2362;1;63;4;3;5;1;145;167;6;5;1;1;1;1;4;1;4;2;4;2;4;1;3;1;3;4;3;5;2;6;6;3;3;2;2;8;1;1;1;1;1;1;1;1;1;1;3;2;2;4;1;1;1;1;4;1;1;3;4;0;0;0;2;3;3;3;3;3;5;7;4;4;2;7;5;6;8
2363;2;71;4;2;4;2;304;0;7;4;1;1;-77;2;3;2;3;2;4;2;4;3;3;3;3;3;3;3;3;7;3;3;3;2;2;8;1;2;2;2;2;2;2;2;2;1;3;2;1;3;4;3;1;2;3;3;3;4;4;0;0;0;1;3;3;3;3;3;4;5;5;4;2;5;5;4;7
2364;2;75;4;3;3;2;193;0;6;6;1;1;-77;1;3;1;3;3;2;2;3;1;4;2;3;4;3;4;3;6;6;3;3;3;2;8;1;3;2;2;2;1;2;2;2;1;3;3;3;5;2;NA;NA;NA;4;1;3;4;4;-99;-99;-99;2;5;4;3;1;4;99;5;5;5;2;6;6;4;7
2366;1;49;3;4;2;2;99;0;4;5;1;2;-77;1;2;2;2;1;1;1;1;2;2;2;2;1;1;1;1;5;5;3;3;5;2;8;1;3;3;3;3;3;3;3;3;3;4;3;3;3;3;1;1;1;3;3;3;3;4;-99;-99;-99;2;3;3;3;3;3;8;4;4;4;4;4;4;4;1
2369;1;85;4;3;4;2;223;0;5;6;1;1;-77;2;4;2;3;4;0;3;4;2;3;2;3;4;3;4;3;5;6;4;3;5;2;8;1;3;3;2;2;2;1;1;1;1;3;3;3;4;4;4;2;NA;4;2;3;3;5;-99;-99;-99;2;4;3;4;4;4;3;5;5;6;2;5;6;5;7
2370;1;57;3;5;4;2;108;0;7;6;1;1;-77;3;3;3;3;3;3;3;3;3;3;3;3;4;3;4;3;6;6;2;2;4;2;8;2;3;3;2;3;2;3;3;3;2;2;2;3;4;3;3;1;1;4;2;2;3;5;-99;-99;-99;4;4;3;3;3;4;11;4;4;4;2;4;6;3;6
2371;2;47;3;4;2;1;165;201;6;6;1;1;1;2;4;2;4;3;4;4;4;3;4;2;4;4;2;4;2;4;6;4;4;1;2;8;4;3;3;3;2;2;4;4;4;3;3;3;2;5;4;2;2;2;4;1;1;1;5;-99;-99;1;2;3;4;2;3;4;8;4;2;5;2;6;6;6;1
2376;1;68;4;4;3;1;192;218;4;5;1;1;1;3;4;3;4;2;4;3;5;2;4;2;4;4;3;4;3;5;5;3;4;6;3;8;2;3;3;3;3;2;2;3;3;3;3;3;2;4;4;1;1;1;4;5;1;2;3;-99;-99;-99;2;4;4;3;3;4;9;4;3;5;2;4;6;4;1
2378;2;58;3;2;4;2;137;0;5;6;1;1;-77;4;5;2;4;2;3;2;4;2;4;2;4;4;3;4;3;6;4;4;3;4;2;8;3;3;3;2;1;1;2;4;4;1;2;2;2;4;2;3;1;1;4;2;2;4;5;0;0;0;1;4;4;3;3;4;99;4;3;5;2;5;5;4;2
2381;1;32;2;4;2;1;137;163;6;6;1;1;1;5;5;2;3;4;5;4;2;5;5;5;5;4;3;4;3;4;6;2;2;2;1;8;1;1;1;1;1;1;1;1;1;1;3;2;2;5;2;4;3;1;4;3;1;2;3;-99;-99;-99;2;4;4;2;4;4;7;6;2;6;2;7;6;6;1
2382;2;61;4;1;1;2;149;0;6;5;1;1;-77;1;1;1;1;4;2;2;2;1;2;2;2;4;3;2;3;6;5;3;3;1;2;8;2;3;3;3;3;2;4;3;4;2;1;1;2;4;2;4;4;1;4;1;1;1;3;-99;-99;-99;1;4;4;3;3;4;1;4;3;7;2;6;7;2;7
2390;2;34;2;1;4;2;54;0;5;6;1;1;-77;1;1;4;3;2;3;1;4;3;3;3;3;4;4;3;2;4;5;1;1;1;2;8;2;2;3;3;1;1;2;2;2;2;5;2;4;5;1;3;2;1;4;1;1;1;2;1;1;1;2;3;3;3;3;3;5;2;3;4;2;2;4;5;1
2392;2;45;2;1;6;2;175;0;4;4;1;1;-77;1;5;2;4;3;3;3;3;1;4;2;3;5;3;4;4;4;4;3;3;3;2;8;2;1;1;1;1;1;1;1;1;1;3;3;3;3;2;4;4;1;4;1;1;1;4;0;0;0;1;4;4;3;3;4;3;4;4;3;2;6;4;4;6
2397;1;65;4;1;2;2;131;0;6;2;1;1;-77;1;5;2;5;2;5;2;5;1;4;2;5;5;1;4;1;5;5;4;4;4;2;8;1;3;2;4;2;2;2;2;3;2;2;5;4;4;1;2;3;2;4;3;2;4;4;-99;-99;-99;1;3;5;3;2;4;1;5;5;7;2;6;6;6;7
2398;1;57;3;1;5;1;116;145;3;3;1;1;1;1;1;1;1;3;3;3;3;1;1;1;1;5;5;5;5;8;8;1;1;7;2;8;2;3;3;3;3;3;3;3;3;3;1;1;1;4;4;1;1;1;4;5;5;5;3;0;0;0;1;4;3;4;2;3;1;6;3;6;2;6;6;5;99
2399;1;74;4;5;3;1;97;110;6;6;1;1;1;1;1;1;1;1;1;1;3;1;3;1;3;4;3;4;4;6;6;2;3;4;2;8;3;3;3;3;3;3;3;3;3;3;3;2;3;5;2;1;1;1;NA;2;3;5;5;0;0;0;2;5;4;4;2;4;11;4;3;5;2;5;5;6;7
2402;1;53;3;1;6;2;88;0;5;5;1;1;-77;1;1;1;1;1;1;1;1;1;1;1;1;5;3;5;3;6;6;1;1;5;2;8;2;1;1;1;1;1;1;1;1;1;1;1;1;1;3;1;1;1;4;3;3;3;5;-99;-99;-99;1;4;4;2;2;3;2;2;2;5;2;5;6;5;1
2403;1;39;2;2;6;2;79;0;6;6;1;1;-77;1;3;3;3;2;3;4;3;2;3;2;3;4;3;4;3;5;6;3;4;4;2;8;2;2;3;1;1;1;2;1;2;1;3;3;1;5;2;2;4;1;4;1;1;1;4;0;0;0;2;99;99;99;99;4;3;5;6;4;2;5;6;7;7
2407;2;67;4;4;4;1;101;111;6;6;1;1;1;1;2;2;3;3;3;2;3;1;3;1;3;4;3;4;3;6;6;1;1;1;2;8;3;3;3;2;2;1;1;2;4;1;1;1;2;4;4;1;1;1;4;5;5;5;5;0;0;0;1;4;4;4;3;4;7;3;2;4;2;6;6;5;3
2415;1;44;2;5;4;2;77;0;5;4;1;1;-77;4;4;1;4;3;4;2;2;2;4;2;4;3;3;3;3;3;4;2;3;2;3;8;3;1;1;1;1;1;1;1;1;1;1;1;2;1;4;2;1;1;5;4;2;2;5;0;-99;1;1;4;4;3;4;4;11;6;2;4;2;6;6;2;3
2416;2;36;2;3;1;2;100;0;7;6;1;1;-77;4;4;4;4;2;4;2;4;2;2;1;1;4;4;4;4;6;6;2;2;4;2;8;5;4;4;4;3;4;4;4;3;3;3;3;3;5;2;3;1;1;4;2;2;2;5;-99;1;1;2;99;99;99;99;99;6;3;5;5;2;6;7;3;1
2418;2;62;4;1;3;2;171;0;5;6;1;1;-77;1;4;1;4;2;4;3;4;1;3;1;4;5;3;5;3;5;6;3;3;4;2;8;1;3;3;1;1;2;1;1;1;2;2;2;2;4;2;4;4;3;4;3;4;4;3;-99;-99;-99;1;3;3;3;2;2;1;4;2;6;2;5;6;5;7
2419;1;37;2;5;4;2;143;0;6;6;1;1;-77;1;4;1;4;4;3;4;3;1;4;2;3;4;3;4;3;6;6;2;2;2;2;8;2;2;2;2;2;2;2;2;2;2;1;1;1;4;4;1;1;1;4;2;2;2;5;0;0;0;2;3;4;3;3;4;9;2;2;5;2;6;5;5;1
2429;2;65;4;3;2;2;122;0;7;7;2;2;-77;1;4;1;1;1;2;1;2;1;2;1;4;2;1;2;3;7;7;2;2;1;2;8;1;1;2;2;2;1;1;1;1;1;1;2;2;5;5;1;2;1;5;4;2;3;3;-99;-99;-99;4;99;2;5;4;4;6;6;7;6;6;7;7;7;7
2431;2;65;4;1;4;1;416;455;5;3;3;1;1;2;5;2;4;2;4;2;4;2;4;2;4;4;4;3;3;5;5;2;2;6;3;8;1;2;2;2;2;2;2;2;2;2;2;2;2;4;2;1;1;2;4;2;4;4;3;1;0;0;2;3;4;3;3;4;1;6;4;4;2;5;4;4;7
2442;1;78;4;1;4;2;97;0;5;5;1;1;-77;5;2;1;3;2;2;2;2;2;3;2;3;3;3;3;3;5;5;3;3;3;4;8;1;2;2;2;2;1;2;3;3;2;3;4;2;4;1;2;4;2;4;3;4;2;5;-99;-99;-99;1;4;4;4;99;4;99;4;4;3;2;6;5;4;7
2444;2;65;4;1;3;1;109;128;5;6;1;1;1;2;3;2;3;2;3;2;3;3;4;3;3;4;2;4;2;6;6;3;3;1;2;8;4;4;4;3;4;3;3;3;4;3;3;3;3;3;4;4;4;1;4;2;3;3;3;1;-99;-99;3;4;3;3;3;3;6;4;4;5;2;5;5;5;1
2453;2;52;3;3;6;1;97;116;6;5;1;1;1;4;4;2;4;3;5;3;5;4;5;3;5;3;1;5;2;5;5;3;3;3;2;8;2;3;3;3;3;3;3;3;3;3;3;4;3;4;4;1;2;1;4;2;2;2;5;-99;-99;-99;1;4;4;3;3;4;8;2;4;4;2;6;5;4;3
2457;2;59;3;1;2;2;177;0;1;4;1;1;-77;2;5;2;5;2;5;2;5;2;5;2;5;5;2;1;1;3;6;2;2;1;2;8;1;2;2;2;1;1;2;2;2;1;5;2;2;1;4;3;2;2;4;4;1;1;4;0;0;0;2;4;4;3;4;4;99;5;2;5;2;7;6;5;6
2464;1;54;3;1;6;1;129;152;4;3;1;1;1;1;1;1;3;3;3;3;3;1;3;1;3;4;3;4;3;6;6;2;2;7;2;8;1;3;3;2;1;2;2;2;2;2;3;3;3;5;4;4;4;3;4;3;3;3;4;-99;1;-99;3;3;3;3;3;3;2;4;4;5;1;5;5;4;1
2469;2;64;4;1;6;1;96;103;3;4;3;1;1;1;2;2;2;3;3;3;3;1;2;1;2;5;3;5;4;4;4;3;3;2;2;8;1;1;1;1;1;1;1;1;1;1;3;3;3;3;4;1;1;1;3;3;3;3;4;0;0;0;1;3;3;3;3;3;1;4;4;4;4;4;4;4;2
2474;2;61;4;1;4;2;78;0;2;3;1;1;-77;1;3;1;2;1;1;1;1;1;1;1;1;5;5;5;5;3;3;1;1;5;2;8;1;1;1;1;1;1;1;1;1;1;3;3;3;5;1;4;4;4;4;3;3;2;3;-99;-99;-99;1;99;99;99;99;99;1;4;4;7;2;7;4;7;2
2482;2;59;3;1;4;2;113;0;7;5;1;1;-77;3;2;2;2;3;4;3;4;3;4;2;4;2;4;3;3;3;3;4;3;5;2;8;3;2;3;4;3;4;4;1;5;5;2;3;3;4;4;2;3;3;2;2;3;2;4;1;4;1;4;2;4;4;3;5;1;5;4;4;3;2;4;5;5
2486;2;32;2;4;4;1;370;391;5;5;1;1;1;1;1;1;1;1;1;1;1;1;1;1;1;4;3;4;3;5;5;3;3;4;2;8;3;3;1;4;3;2;2;3;4;1;3;3;3;1;4;1;4;1;4;1;1;1;5;3;-99;-99;2;3;3;3;3;3;99;4;6;6;2;7;6;7;8
2496;2;50;3;4;5;1;92;110;4;6;1;1;1;2;4;2;4;4;4;4;4;4;4;4;4;4;3;4;3;4;5;4;4;2;2;8;1;3;3;3;3;3;3;2;2;1;4;4;4;4;5;1;1;1;4;2;2;2;5;0;0;0;2;4;3;3;4;4;7;2;3;6;2;6;6;2;1
2497;2;62;4;2;4;1;173;183;4;6;1;1;1;2;5;2;5;2;5;2;5;2;4;2;5;2;3;2;2;4;6;2;2;2;2;8;4;3;3;3;3;3;3;3;3;2;1;3;3;2;4;1;1;1;4;2;1;1;5;-99;-99;-99;2;4;4;3;3;4;5;3;3;6;2;6;6;5;2
2502;2;31;2;4;2;2;84;0;6;6;1;1;-77;1;5;1;4;4;4;4;2;2;5;1;5;4;3;4;3;6;6;3;3;3;2;8;5;1;1;1;2;1;1;2;1;1;1;1;1;4;3;1;1;1;4;2;1;2;5;0;0;0;2;3;3;3;3;3;9;5;5;3;2;3;5;5;1
2508;2;35;2;3;6;1;103;117;2;4;1;1;1;2;3;2;3;3;3;3;3;2;3;2;3;4;4;5;5;2;4;3;3;4;3;8;2;2;2;1;3;1;2;2;3;1;3;1;1;3;1;4;4;4;4;2;2;3;3;-99;-99;1;1;99;99;99;99;99;4;6;4;7;2;7;7;5;1
2510;2;53;3;3;6;2;112;0;6;5;1;1;-77;1;4;1;4;1;4;1;4;1;4;1;4;5;3;5;3;8;6;3;3;1;2;8;2;2;2;2;2;2;2;2;2;2;5;2;1;5;1;3;2;1;4;1;1;1;4;-99;-99;-99;1;4;4;3;3;4;2;4;2;3;2;5;5;3;1
2513;2;41;2;1;4;2;70;0;7;6;1;1;-77;1;1;1;1;1;1;2;1;1;1;1;1;5;5;4;4;7;6;1;1;1;2;8;3;1;1;1;2;2;1;1;2;1;1;1;1;5;2;4;2;2;4;1;1;1;2;-99;1;-99;1;3;3;3;3;3;2;4;3;5;2;6;7;6;1
2516;2;74;4;1;2;2;131;0;5;6;1;1;-77;1;3;1;3;1;1;1;1;1;1;1;1;5;4;5;5;6;7;1;1;7;2;8;1;2;2;1;1;1;1;2;2;2;1;1;1;5;4;3;4;1;5;3;4;3;5;0;0;0;1;5;5;4;5;3;2;1;1;7;7;7;7;2;7
2518;2;60;3;3;1;1;108;119;5;6;1;1;1;2;4;2;5;2;4;2;5;2;3;1;3;4;3;5;3;5;6;4;4;6;2;8;5;2;2;3;3;2;2;2;2;1;3;2;5;4;2;1;1;1;4;2;1;1;3;-99;-99;-99;2;3;4;3;3;4;6;2;2;3;2;5;6;5;1
2520;1;43;2;5;4;1;52;59;6;6;1;1;1;1;4;1;4;1;4;1;4;2;5;1;5;4;3;4;3;8;8;2;2;2;2;8;4;1;1;1;1;1;1;1;1;1;1;2;1;5;4;1;1;1;4;4;2;4;5;-99;-99;2;2;4;4;4;2;3;11;4;5;4;2;3;5;6;3
2522;2;66;4;1;3;2;79;0;7;7;3;2;-77;1;1;1;1;1;1;1;1;1;1;1;1;1;1;5;5;7;7;2;2;2;2;8;1;2;2;2;2;2;2;1;1;1;1;1;1;5;4;1;1;1;4;2;2;4;5;0;0;0;2;4;5;4;4;4;1;7;6;7;2;7;7;7;7
2534;2;65;4;3;5;2;123;0;6;6;3;1;-77;4;4;2;2;4;3;4;4;3;3;4;3;4;3;4;3;5;5;3;3;3;2;8;1;3;3;3;2;2;3;3;3;2;3;2;2;4;2;1;1;1;4;2;2;2;4;0;0;0;2;3;4;3;3;4;6;5;3;5;2;5;5;6;7
2535;2;45;2;5;3;1;66;78;4;6;1;1;1;4;4;4;5;3;4;1;3;3;3;1;1;5;3;5;3;3;6;2;2;4;2;8;2;3;3;3;2;2;2;2;2;2;1;1;3;5;4;1;1;1;4;2;2;2;5;-99;-99;1;2;4;3;2;3;3;11;5;5;3;2;6;7;5;1
2538;1;40;2;4;6;1;134;157;3;4;1;1;1;1;4;1;4;2;2;2;3;1;5;2;5;5;3;4;3;3;5;1;1;2;2;8;2;1;1;2;1;1;1;2;2;1;3;2;2;5;5;1;1;1;4;1;1;1;3;-99;-99;-99;2;4;4;3;3;5;7;2;4;7;2;6;2;7;2
2548;1;67;4;1;2;1;94;113;2;4;1;1;1;4;4;4;4;3;3;3;3;3;3;3;3;4;4;4;4;4;4;4;4;5;3;8;1;3;3;3;3;3;3;3;3;3;3;3;3;3;4;3;4;1;4;3;3;3;4;-99;-99;-99;3;3;3;3;3;3;1;5;6;4;2;6;5;5;7
2556;1;48;3;2;2;2;72;0;4;4;1;1;-77;1;3;2;3;1;3;1;3;1;3;1;3;4;3;4;3;4;4;3;3;3;2;8;3;1;1;2;2;2;2;2;2;2;5;5;2;5;4;1;1;1;4;2;1;4;3;-99;-99;-99;1;4;4;3;3;4;3;3;2;5;2;6;7;4;1
2559;1;57;3;4;5;1;104;116;6;6;1;1;1;1;1;1;1;1;1;1;1;1;1;1;1;5;3;5;3;6;6;3;3;1;2;8;1;3;4;3;4;5;2;2;3;3;1;1;1;5;3;1;1;1;4;4;4;4;5;0;0;0;2;5;4;4;2;4;8;1;6;6;2;7;5;5;7
2569;1;66;4;3;5;1;69;81;6;2;1;1;1;1;4;1;3;3;4;3;4;1;4;1;4;5;3;5;3;6;4;1;1;2;2;8;2;2;3;3;3;2;2;3;4;2;1;2;2;5;4;1;1;1;4;1;2;3;5;0;0;0;2;5;3;2;4;5;6;3;1;5;2;4;6;5;3
2585;1;66;4;1;1;1;210;259;4;4;1;1;1;1;4;2;3;5;3;5;4;1;3;2;3;5;2;4;2;4;4;3;2;4;3;8;2;4;3;3;2;2;3;3;3;2;2;2;2;5;1;4;4;3;4;2;1;5;5;-99;-99;-99;1;4;5;4;3;4;2;5;2;6;2;6;6;4;7
2587;1;53;3;4;5;2;130;0;5;6;1;1;-77;2;5;2;4;4;3;4;2;2;5;2;5;4;3;4;3;5;6;3;3;5;2;8;2;2;3;2;4;1;2;3;4;2;2;2;2;4;3;1;2;1;4;1;1;2;5;-99;-99;-99;2;3;4;3;4;4;8;5;5;4;2;6;5;4;1
2592;2;56;3;3;1;2;90;0;5;6;1;1;-77;3;5;2;4;3;4;3;4;3;4;2;4;4;2;4;2;4;6;3;2;2;2;8;5;3;2;3;2;2;2;2;2;2;2;2;3;4;4;1;2;1;4;1;1;2;5;0;0;0;2;3;4;2;2;4;5;5;4;3;2;5;5;5;1
2600;2;41;2;5;3;1;94;119;5;6;1;1;1;4;5;3;4;4;2;4;4;4;4;4;4;4;2;4;2;5;6;3;3;3;2;8;3;2;2;3;3;2;2;2;4;2;2;2;2;4;4;1;1;1;4;1;1;1;5;-99;1;1;1;4;4;3;3;4;10;5;3;5;2;5;5;4;3
2622;1;41;2;4;4;2;81;0;5;3;1;1;-77;1;3;1;3;1;2;1;2;1;3;1;3;5;3;5;3;5;3;3;3;5;3;8;1;2;2;1;1;1;1;2;2;1;1;1;2;4;2;1;1;1;4;1;1;1;4;-99;-99;-99;2;1;2;2;2;2;7;4;5;5;2;5;5;5;1
2631;1;52;3;1;5;2;59;0;2;2;1;1;-77;1;1;1;1;1;1;1;1;1;1;1;1;5;5;5;5;2;2;3;1;3;3;8;1;5;5;5;5;5;5;5;5;5;1;1;1;1;5;1;1;1;4;5;5;5;5;-99;-99;-99;1;4;1;4;4;4;1;1;1;7;2;7;7;1;3
2632;1;36;2;3;6;1;43;50;3;2;1;1;1;1;5;1;3;1;1;1;1;5;5;3;3;4;3;4;3;4;2;3;3;5;3;8;1;1;1;1;1;1;1;1;1;1;1;1;1;5;5;1;1;1;4;3;3;3;5;1;-99;-99;4;4;4;99;99;4;9;6;4;2;2;5;6;6;1
2634;2;53;3;5;4;1;71;79;6;6;1;1;1;2;3;2;3;3;2;4;3;2;3;3;4;4;3;4;3;6;6;3;3;2;2;8;3;3;3;4;2;3;3;3;4;3;2;2;2;4;3;1;1;1;4;2;2;2;5;-99;-99;1;3;4;4;4;3;4;11;4;3;5;2;3;5;3;1
2639;1;36;2;5;4;2;73;0;6;3;1;1;-77;2;4;1;5;1;3;4;3;1;5;1;5;5;3;5;2;6;2;2;2;5;2;8;2;2;1;1;1;1;1;1;1;3;2;2;2;1;5;1;1;1;4;5;1;1;5;-99;-99;-99;2;4;3;1;3;2;2;7;6;3;2;6;6;7;1
2652;1;35;2;4;6;2;82;0;3;6;1;1;-77;2;3;2;3;3;5;3;5;1;2;1;2;4;4;4;4;3;6;3;3;6;2;8;4;3;3;2;3;2;3;3;3;2;4;3;3;4;4;1;3;1;4;2;2;2;5;2;-99;-99;2;4;4;4;3;4;9;3;3;4;2;5;6;5;1
2653;1;47;3;3;1;1;123;141;2;4;1;1;1;2;4;2;4;2;4;2;4;2;4;2;4;4;2;4;2;4;4;2;4;6;2;8;2;3;3;3;3;2;2;2;2;2;2;2;2;4;4;2;2;1;4;1;1;1;4;1;-99;2;2;3;4;3;3;4;5;5;2;7;2;6;6;5;1
2656;2;31;2;1;4;2;47;0;1;1;1;1;-77;5;5;2;4;3;3;3;4;5;5;2;4;3;3;4;3;1;1;5;4;4;5;8;2;3;4;2;2;2;4;4;4;3;3;4;4;4;4;1;1;1;4;1;2;2;3;2;-99;-99;2;3;4;2;4;5;6;5;4;5;2;6;5;3;8
2658;2;37;2;1;4;2;87;0;3;4;1;1;-77;4;4;2;3;4;3;4;4;3;4;2;4;4;3;4;3;3;3;2;4;4;3;8;2;2;3;3;3;3;3;2;2;3;4;4;4;4;2;1;1;1;4;1;1;1;5;-99;-99;-99;1;99;5;1;2;5;99;5;5;6;2;5;6;6;2
2665;1;50;3;4;3;1;58;66;5;5;3;1;1;2;2;2;2;1;1;3;3;3;3;3;3;4;3;5;3;6;6;4;4;1;2;8;2;3;3;3;2;1;2;1;3;3;3;3;3;2;4;1;1;1;NA;1;1;2;4;-99;1;-99;5;1;3;2;4;3;6;6;6;4;1;6;6;6;1
2668;2;39;2;5;4;1;89;129;6;6;1;1;1;1;2;1;1;1;2;2;2;2;2;3;3;4;3;5;3;4;6;3;3;2;2;8;2;1;1;1;1;1;1;1;1;1;3;2;2;4;4;1;1;1;4;3;4;4;5;0;1;1;1;3;3;3;3;3;99;4;3;6;3;7;6;5;1
2672;1;74;4;3;1;2;1360;0;6;6;1;1;-77;2;2;2;2;2;2;2;2;2;3;2;3;5;3;5;3;6;6;3;3;2;2;8;1;2;2;2;2;2;2;2;2;2;2;2;2;4;2;2;2;1;4;3;3;3;3;-99;-99;-99;2;4;4;4;4;4;6;4;3;5;2;4;5;4;7
2678;1;70;4;3;4;1;183;266;6;6;1;1;1;1;4;1;3;1;3;1;2;1;3;1;3;5;3;5;3;6;6;2;2;1;2;8;2;3;3;1;2;1;1;4;3;2;1;2;3;4;3;1;1;1;4;2;3;3;3;0;0;0;2;4;4;4;4;4;6;3;4;4;2;5;NA;5;7
2686;2;60;3;1;3;1;167;188;1;1;1;1;1;1;1;1;1;3;1;3;1;1;3;1;3;5;5;5;5;6;6;2;1;1;2;8;1;4;4;2;2;1;4;4;2;1;1;1;1;5;2;4;4;4;4;3;5;5;4;0;0;0;1;3;3;3;3;3;1;1;1;6;2;7;5;4;99
2697;2;41;2;1;6;1;71;78;2;3;1;1;1;2;5;3;4;3;5;3;4;2;4;2;4;2;3;4;3;3;4;2;2;1;2;8;3;3;4;3;3;3;4;3;3;3;4;4;4;4;4;2;3;2;4;2;2;5;3;1;-99;-99;1;2;2;2;2;2;1;3;5;5;4;5;5;5;3
2706;2;62;4;4;3;1;125;141;4;6;1;1;1;2;4;4;4;5;5;5;5;2;5;5;5;4;2;5;4;4;6;4;4;4;2;8;5;2;2;2;2;1;2;2;1;2;3;3;3;4;2;4;1;1;4;1;5;2;5;-99;-99;-99;1;4;4;3;3;4;7;5;7;4;2;2;7;5;1
2713;2;72;4;1;3;2;257;0;2;5;1;1;-77;1;1;1;1;1;1;1;1;1;1;1;1;5;4;5;4;5;5;2;2;1;2;8;3;2;2;1;1;1;1;3;3;1;4;1;1;5;4;1;1;1;4;1;1;1;5;1;-99;-99;4;4;4;2;4;4;11;1;3;5;2;6;5;5;7
2717;2;45;2;3;6;1;75;98;6;6;1;1;1;1;4;1;4;1;4;1;4;1;4;1;4;5;3;5;3;6;6;3;3;2;2;8;4;1;1;1;3;1;1;2;4;1;1;1;1;3;4;4;4;1;4;2;2;2;3;0;0;1;1;4;4;4;4;4;8;5;4;4;2;6;5;5;1
2718;1;41;2;5;2;2;51;0;6;5;1;1;-77;2;4;2;4;2;3;2;3;2;3;2;3;3;3;3;3;6;5;3;3;1;2;8;4;2;2;2;2;1;1;2;2;2;3;3;3;3;4;1;1;1;4;3;3;3;5;1;0;2;2;3;3;3;3;3;9;4;5;5;2;5;5;5;1
2722;2;64;4;2;3;1;88;106;3;5;1;1;1;2;4;2;4;4;3;5;2;2;4;1;4;4;3;5;3;3;5;4;4;1;3;8;2;3;3;3;4;3;3;3;3;2;2;5;5;4;4;1;1;1;4;2;4;3;5;-99;-99;-99;1;5;4;3;3;4;4;6;2;7;2;7;6;1;1
2733;2;36;2;2;4;2;53;0;1;1;1;1;-77;2;3;2;3;2;3;2;3;2;3;2;3;2;3;2;3;1;1;4;4;4;5;8;1;1;2;2;2;2;1;1;1;2;4;4;4;4;4;2;3;2;4;4;4;4;4;-99;-99;-99;2;2;3;2;2;3;3;5;4;5;5;5;5;5;2
2740;1;52;3;3;2;1;118;134;6;4;2;2;2;3;3;3;3;3;3;3;2;3;3;3;3;2;2;2;2;5;5;3;3;2;2;8;1;1;1;2;2;2;2;1;1;1;3;3;3;3;3;1;1;1;3;3;3;3;4;0;0;0;1;3;3;3;3;3;5;4;4;4;4;4;4;4;1
2763;1;31;2;5;5;2;92;0;6;6;1;1;-77;4;5;2;3;4;3;4;3;4;5;4;5;4;3;4;3;6;5;1;1;1;2;8;2;1;2;2;2;2;2;1;1;2;1;2;1;4;2;1;1;1;4;1;2;2;5;0;0;0;2;2;4;2;4;4;9;5;7;5;2;4;3;5;3
2769;1;71;4;3;1;1;174;202;5;6;1;1;1;1;1;1;2;1;2;1;2;1;2;1;2;5;3;5;3;5;6;2;3;2;2;8;2;3;3;3;3;1;2;3;2;2;1;1;1;4;4;2;1;1;4;3;3;4;5;0;0;0;2;4;3;5;1;3;5;3;2;6;2;6;6;3;7
2788;1;45;2;3;2;2;99;0;4;4;1;1;-77;3;5;3;5;3;4;3;4;3;5;3;5;4;4;4;4;4;4;3;3;4;2;8;2;4;4;2;2;2;3;4;4;2;4;3;4;3;3;2;2;2;4;3;3;3;5;-99;-99;2;2;3;3;3;3;3;6;4;4;4;2;4;4;4;1
2807;2;43;2;4;3;2;112;0;4;3;1;1;-77;1;1;1;1;3;3;3;3;1;1;1;1;5;5;5;5;4;4;1;1;1;2;8;2;5;5;3;3;2;5;3;3;3;1;1;1;4;5;1;1;1;4;5;3;1;5;-99;-99;-99;1;1;5;3;2;3;7;4;1;3;2;7;7;6;1
2808;2;73;4;4;3;2;190;0;5;6;1;1;-77;4;4;3;3;NA;5;3;5;2;0;2;5;2;5;3;5;3;3;3;3;2;3;8;1;NA;2;2;NA;NA;NA;NA;NA;2;5;NA;NA;5;4;1;1;1;4;3;4;3;5;0;0;0;1;99;99;99;99;4;99;4;5;6;3;6;5;5;7
2814;1;63;4;1;3;2;164;0;4;4;1;1;-77;1;3;1;3;3;3;3;4;1;3;1;2;4;3;4;4;4;4;2;2;4;2;8;1;2;2;2;1;1;2;2;2;1;1;1;1;4;3;2;2;1;4;3;3;3;4;-99;-99;-99;1;4;5;3;2;3;2;3;2;4;2;6;6;4;7
2819;2;39;2;5;3;1;89;102;6;6;1;1;1;2;2;2;2;2;3;3;3;2;3;2;3;5;3;4;3;6;6;3;3;4;2;8;2;1;1;1;2;1;2;1;4;1;1;4;3;5;4;1;1;1;4;1;1;1;5;1;-99;1;2;3;4;3;3;4;9;5;5;4;2;5;6;6;1
2822;2;38;2;1;5;2;147;0;4;4;1;1;-77;1;4;3;3;3;3;3;3;2;3;2;4;5;3;5;3;4;4;3;3;1;2;8;3;1;1;1;1;1;1;1;1;1;3;3;2;4;1;3;3;3;4;3;4;3;3;-99;2;-99;1;3;3;3;3;3;1;7;6;6;2;6;6;7;1
2823;1;39;2;4;3;2;68;0;6;5;1;1;-77;3;4;3;5;3;4;4;4;3;4;3;4;4;3;4;3;6;6;3;4;3;3;8;1;2;2;2;2;2;2;2;2;2;3;3;3;4;4;1;1;1;4;4;2;4;5;0;0;1;1;3;4;4;2;4;8;4;5;5;2;6;6;5;1
2825;2;32;2;5;1;1;44;58;5;5;1;1;1;5;5;5;5;2;2;5;3;5;5;5;5;3;3;4;3;4;5;3;5;2;3;8;1;4;4;2;2;2;4;4;4;2;1;2;1;5;4;1;1;1;4;1;1;1;5;1;-99;-99;2;4;4;1;3;4;11;4;1;6;2;7;6;4;5
2829;1;33;2;4;2;1;104;144;4;4;1;1;1;2;2;2;2;2;2;3;3;3;3;3;3;3;3;3;3;4;4;2;2;3;1;8;1;3;3;4;3;3;3;4;3;3;3;4;3;4;4;3;4;4;4;4;4;3;3;-99;-99;-99;2;3;3;3;1;4;7;4;6;5;2;5;5;5;1
2831;2;45;2;4;4;1;95;121;5;6;1;1;1;2;5;1;5;2;4;2;4;2;5;1;5;4;3;4;3;6;7;3;3;3;2;8;3;1;1;2;1;1;1;1;1;1;1;3;3;4;4;1;4;1;4;2;3;3;5;-99;1;-99;1;99;99;99;99;99;7;6;5;6;2;3;5;6;1
2835;1;33;2;3;2;2;63;0;2;2;1;1;-77;2;2;2;2;3;3;3;4;3;3;3;3;2;2;3;3;4;4;2;2;1;2;8;3;2;4;4;4;3;4;4;4;2;4;4;4;4;4;2;3;3;3;3;2;3;5;0;0;0;1;3;3;3;3;3;1;4;6;4;4;4;7;4;1
2836;2;45;2;3;4;2;76;0;6;6;1;1;-77;1;1;1;1;3;2;3;2;1;1;1;1;5;4;5;4;6;6;4;4;4;2;8;3;3;2;2;2;1;2;2;2;1;3;1;1;2;2;4;3;1;4;1;1;1;5;-99;-99;1;1;4;4;3;3;4;1;4;6;3;2;5;7;5;1
2837;2;32;2;2;2;1;134;1156;6;6;1;1;1;4;5;2;4;4;5;4;4;1;4;1;5;4;3;5;3;4;6;2;2;4;2;8;5;4;3;1;3;1;3;3;5;2;2;1;2;4;4;1;3;1;4;4;5;5;4;-99;-99;-99;1;2;4;3;2;4;5;4;2;6;2;6;7;6;1
2838;2;31;2;4;1;2;58;0;6;6;1;1;-77;2;4;1;4;1;4;1;5;1;4;1;3;4;2;5;3;4;6;3;3;4;2;8;3;3;2;2;3;1;2;3;4;2;2;2;2;4;4;1;2;1;4;1;1;1;5;0;0;0;2;2;3;3;3;3;9;5;6;7;2;5;7;5;1
2841;1;42;2;1;2;1;34;38;6;6;1;1;1;1;5;1;5;3;5;3;5;1;5;1;5;5;2;5;2;6;7;3;4;4;2;8;3;1;1;1;1;1;1;3;3;1;1;1;1;4;4;2;1;1;4;2;2;3;4;0;0;0;1;2;5;4;4;2;1;5;4;5;2;4;4;4;1
2846;1;51;3;4;4;2;97;0;4;4;1;1;-77;1;4;3;3;3;1;3;1;1;3;1;3;5;3;5;3;4;4;3;3;3;2;8;2;1;1;1;1;1;1;1;1;1;3;3;3;5;2;4;1;1;4;3;3;3;5;0;0;0;2;3;3;3;3;3;99;4;4;4;2;4;4;4;1
2877;2;53;3;3;5;2;85;0;6;4;1;1;-77;4;4;4;4;4;5;3;4;3;4;3;4;4;3;4;3;7;6;2;2;1;2;8;4;3;3;1;1;1;2;2;1;1;1;1;1;1;4;1;1;1;4;2;2;2;5;-99;-99;1;1;99;99;99;99;99;6;2;6;6;2;6;6;6;1
2909;1;35;2;3;6;1;41;44;6;6;1;1;1;2;3;2;3;2;3;2;3;2;2;2;2;4;3;4;3;6;6;2;3;4;2;8;5;3;3;3;2;2;2;2;2;2;2;2;2;3;4;1;1;1;4;1;1;1;4;1;-99;-99;2;4;2;2;3;4;99;4;2;5;2;5;6;5;1
2929;1;36;2;5;3;2;295;0;7;6;1;1;-77;2;3;2;4;4;3;4;4;2;4;3;4;4;4;5;4;7;6;3;3;3;2;8;2;2;2;2;2;2;2;2;2;2;5;5;5;5;3;1;1;1;4;1;1;5;4;-99;-99;-99;2;3;4;3;4;4;9;4;4;3;2;4;6;5;1
2936;1;59;3;3;3;2;155;0;6;6;1;1;-77;2;3;2;3;1;2;3;3;2;2;2;3;5;2;5;2;6;6;2;2;2;2;8;2;2;2;3;3;3;2;2;2;2;2;2;2;3;5;1;1;1;4;4;4;4;4;0;0;0;1;4;4;4;2;4;8;5;1;7;2;7;7;6;1
2945;1;48;3;2;6;1;179;207;7;3;1;1;1;1;3;1;2;3;4;4;4;2;3;1;2;4;4;4;4;7;3;2;2;7;2;8;3;3;3;1;1;1;3;3;3;3;3;2;2;5;4;1;2;1;4;3;3;3;4;1;1;-99;3;4;4;99;99;3;2;2;2;6;2;6;3;6;8
2955;2;56;3;1;1;2;57;0;4;5;1;1;-77;1;5;1;4;2;2;2;2;1;5;1;5;5;2;5;1;3;5;1;1;2;3;8;4;2;2;3;3;1;2;4;4;1;3;3;3;4;4;4;2;1;4;2;2;3;4;-99;-99;-99;4;5;4;5;2;4;2;3;5;6;2;5;6;4;1
2963;2;69;4;2;6;1;125;146;5;6;1;1;2;1;4;2;4;1;4;1;5;1;4;1;4;4;2;5;1;5;6;4;4;1;2;8;1;2;1;1;1;1;1;1;1;1;1;2;1;4;4;3;1;NA;4;2;4;2;4;-99;-99;-99;2;4;4;3;3;4;4;5;5;6;2;5;6;5;7
2975;1;31;2;5;4;1;56;70;5;4;1;1;1;1;2;2;2;2;1;1;1;1;1;1;1;4;2;4;2;3;4;2;3;4;2;8;4;2;3;3;4;3;4;2;3;3;1;2;1;4;4;1;1;1;4;1;1;1;4;-99;-99;1;2;3;4;2;2;3;8;5;4;3;2;1;7;5;1
2979;1;44;2;1;5;1;142;158;3;6;1;1;1;1;5;1;5;2;4;2;4;1;4;1;4;4;4;4;4;2;6;3;3;4;2;8;2;4;4;4;3;3;4;3;3;3;3;3;3;4;2;1;2;1;4;3;3;3;5;-99;2;1;1;5;5;5;3;4;5;5;4;4;1;5;7;4;7
3007;2;31;2;4;3;2;72;0;4;4;1;1;-77;1;2;1;3;3;3;3;3;1;2;1;3;5;4;5;4;4;4;2;2;4;1;8;5;2;2;2;2;2;2;2;2;2;1;2;2;1;4;2;2;1;4;2;2;3;5;-99;-99;1;1;3;4;3;3;2;7;5;3;3;2;3;4;5;1
3018;2;42;2;3;3;1;191;205;4;5;1;1;1;2;4;2;4;2;4;4;5;2;4;1;4;4;3;4;3;5;5;2;2;2;2;8;5;2;2;3;2;1;2;3;2;1;1;1;1;5;4;1;1;1;4;2;4;4;5;0;1;0;3;3;4;3;3;4;9;5;2;5;2;5;5;5;2
3067;2;55;3;3;4;1;59;67;4;4;1;1;1;1;3;1;4;4;3;4;4;2;3;2;3;5;3;5;3;4;4;2;2;3;2;8;3;3;3;3;3;2;2;2;2;2;1;1;1;3;4;1;1;1;4;3;3;3;5;-99;-99;-99;1;99;99;99;99;99;5;4;2;4;2;4;6;6;1
3068;2;63;4;1;1;1;56;64;6;5;1;1;1;3;4;2;4;4;4;4;4;3;4;3;3;4;3;4;3;5;4;4;4;1;2;8;3;2;2;2;1;1;1;1;1;1;1;2;2;2;2;4;4;1;4;1;1;1;4;-99;-99;-99;2;2;4;2;3;4;2;3;5;5;2;5;5;3;7
3075;2;57;3;1;6;2;148;0;4;6;3;1;-77;2;5;2;5;3;3;3;3;2;4;3;4;3;3;4;3;4;6;3;3;1;2;8;3;1;1;2;2;1;1;1;1;1;3;3;3;2;4;1;1;1;4;2;2;2;3;-99;-99;-99;1;3;3;3;3;4;99;4;3;6;2;5;5;5;1
3078;1;58;3;1;1;1;78;90;6;4;1;1;1;1;1;1;1;3;3;3;3;3;3;3;3;3;3;3;3;6;4;1;1;7;2;8;2;1;1;1;1;1;1;1;1;1;1;1;1;1;3;4;4;4;NA;5;5;5;4;-99;-99;-99;3;5;5;1;1;3;1;6;6;6;2;6;7;6;8
3108;1;33;2;3;6;1;86;99;5;1;1;1;1;3;5;4;5;4;4;5;4;3;4;4;5;4;2;4;2;4;1;3;3;3;2;8;2;1;1;2;2;1;1;2;1;1;1;2;2;4;3;1;1;1;4;1;1;2;5;2;-99;-99;2;3;3;3;3;4;6;4;2;5;2;5;7;4;1
3125;2;41;2;4;6;2;119;0;5;2;1;1;-77;1;2;2;2;2;2;4;2;2;3;2;3;4;3;4;3;5;5;2;2;3;3;8;4;3;3;3;4;3;3;2;2;4;3;2;2;4;4;1;1;1;4;2;2;2;3;-99;1;1;1;4;99;99;99;3;7;5;3;4;2;4;5;4;1
3128;1;34;2;3;3;2;55;0;7;5;1;1;-77;4;2;2;2;2;4;5;4;3;4;2;3;4;3;5;3;6;5;4;4;4;1;8;4;3;3;2;2;1;3;2;3;3;2;3;2;4;4;1;1;1;4;2;2;2;5;-99;-99;-99;2;3;3;3;3;3;6;5;3;5;2;6;5;5;1
3133;2;32;2;4;1;1;121;134;6;6;1;1;1;1;4;2;3;2;2;4;2;1;5;1;5;5;3;5;3;6;6;3;3;5;2;8;3;2;2;2;2;2;2;2;2;2;2;2;2;5;4;1;1;1;4;2;2;2;5;1;-99;2;2;3;4;3;99;4;99;5;3;4;2;5;6;6;5
3138;2;31;2;2;2;2;101;0;6;1;1;1;-77;4;4;4;4;4;3;4;3;4;4;4;4;4;4;4;4;6;6;3;3;4;4;8;2;4;5;4;3;2;3;2;4;3;2;3;2;4;4;3;3;3;4;3;4;4;4;1;0;1;1;4;4;4;4;4;1;3;5;5;4;4;4;7;5
3142;1;35;2;5;1;2;503;0;6;6;1;1;-77;2;4;2;4;4;4;5;5;1;2;1;3;5;3;5;3;6;6;1;1;3;2;8;3;2;1;1;1;1;1;1;3;1;1;1;1;5;2;1;1;1;4;3;3;4;5;-99;-99;-99;2;4;4;3;3;3;9;5;5;3;2;3;3;5;6
3143;2;57;3;5;3;1;114;135;6;4;1;1;1;4;4;4;4;3;4;4;4;4;4;4;4;3;2;4;2;6;6;4;4;4;2;8;4;3;3;2;2;1;2;3;3;2;3;2;2;4;3;1;1;1;4;4;2;2;3;0;0;0;2;3;4;3;3;4;9;5;3;4;2;5;5;5;1
3144;1;45;2;3;5;2;94;0;6;6;1;1;-77;2;5;3;5;4;5;5;5;2;5;3;5;4;2;4;1;6;6;4;4;3;1;8;2;3;3;3;4;3;3;3;4;3;2;2;2;4;3;3;1;4;4;4;1;2;5;-99;-99;-99;1;3;4;3;4;4;3;4;4;4;2;4;5;1;1
3148;2;35;2;1;2;2;170;0;6;6;1;1;-77;2;4;2;4;2;4;2;4;2;4;2;4;2;4;2;4;6;6;4;4;6;2;8;2;2;2;3;3;3;2;2;4;3;2;2;2;2;4;1;1;1;4;2;2;4;4;1;-99;2;2;4;4;4;4;4;1;5;5;3;5;5;5;5;5
3162;1;40;2;5;6;2;113;0;4;3;1;1;-77;2;4;2;5;3;4;3;4;2;4;2;4;4;3;4;3;4;4;3;2;4;2;8;5;2;2;2;2;2;2;2;2;1;3;2;2;4;4;1;1;1;4;2;2;4;3;0;0;0;2;4;3;1;2;4;8;4;2;5;2;7;5;6;1
3192;2;60;3;2;5;2;243;0;3;4;1;1;-77;1;5;1;4;1;5;1;5;1;5;1;5;4;3;5;2;4;4;3;3;3;2;8;2;2;2;2;2;2;2;2;2;2;5;3;3;4;2;1;1;1;4;NA;1;2;4;0;0;0;1;3;4;3;3;4;3;5;2;5;2;5;4;4;1
3197;2;79;4;2;5;1;123;148;6;5;1;1;1;1;5;2;2;2;4;2;4;3;4;2;4;4;3;4;3;6;5;2;2;2;2;8;3;3;3;2;2;1;1;1;1;1;3;2;2;4;4;1;1;1;NA;2;2;2;5;0;0;0;2;4;3;4;3;4;4;6;5;5;2;4;5;3;7
3202;2;60;3;2;3;2;69;0;4;4;1;1;-77;2;5;1;4;4;1;4;4;2;4;2;4;4;3;4;3;4;5;2;2;3;3;8;1;3;3;2;2;1;2;2;3;1;3;2;2;4;4;1;1;1;4;1;1;2;5;0;0;0;1;3;4;2;4;4;3;4;5;3;2;6;5;5;1
3212;2;73;4;2;1;1;176;206;4;4;1;1;1;2;4;3;3;2;4;2;4;2;3;2;3;4;2;4;2;3;4;3;3;3;2;8;1;2;3;3;3;2;2;2;3;1;1;1;1;5;2;1;1;1;4;1;4;2;5;0;0;0;1;4;4;99;99;4;4;4;NA;4;5;4;5;6;7
3214;2;59;3;2;3;2;84;0;5;5;1;1;-77;3;5;3;4;2;4;2;4;2;5;2;5;5;3;5;3;6;6;2;3;4;2;8;2;3;3;2;2;2;2;1;1;1;3;3;3;4;3;4;3;1;4;4;2;2;4;-99;-99;-99;2;5;4;3;3;5;4;5;4;6;2;5;5;4;2
3217;2;36;2;2;6;2;112;0;5;5;1;1;-77;1;2;2;2;1;3;3;3;3;3;3;3;4;3;4;3;5;5;2;2;2;3;8;2;1;1;2;2;1;1;2;2;1;4;4;2;4;4;1;1;1;4;3;3;3;5;1;-99;1;2;4;3;4;3;4;4;3;3;5;2;6;6;3;1
3241;1;74;4;2;4;2;145;0;4;2;1;1;-77;1;4;1;4;3;4;3;3;1;4;2;5;4;4;5;4;4;2;3;3;1;2;8;1;3;3;4;4;2;3;2;3;2;2;3;2;4;4;4;1;1;4;2;2;1;3;-99;-99;-99;1;5;4;4;3;3;3;4;3;4;1;4;5;5;7
3269;2;41;2;3;4;2;41;0;3;6;1;1;-77;1;4;1;3;4;3;5;3;1;3;1;3;4;3;4;3;4;6;1;2;2;2;8;1;3;3;2;2;1;2;2;4;1;1;1;2;4;4;1;1;1;4;2;2;2;5;-99;-99;-99;1;4;4;2;4;4;6;3;3;7;2;6;6;5;1
3293;2;65;4;2;3;2;92;0;3;3;1;1;-77;1;1;1;1;2;2;2;2;3;3;3;3;4;4;4;4;3;3;3;3;5;3;8;2;2;2;2;2;2;2;2;2;2;3;3;3;3;4;2;2;2;3;3;3;3;5;0;0;0;1;3;3;3;3;3;3;4;4;4;4;4;4;4;1
3312;1;66;4;3;2;1;103;118;5;4;1;1;1;2;4;2;4;4;4;4;4;2;4;2;4;5;3;5;3;5;6;2;3;1;2;8;1;3;3;1;1;1;1;1;3;1;3;2;1;4;4;1;1;1;4;4;5;5;4;0;0;0;2;4;4;3;3;3;5;4;4;2;2;5;6;5;7
3315;1;44;2;2;4;2;107;0;8;7;1;1;-77;1;4;4;4;2;3;2;3;1;1;1;1;4;3;4;3;8;7;2;2;2;2;-99;1;3;2;1;1;1;3;3;2;1;1;1;3;4;4;1;1;1;4;2;5;5;5;-99;-99;1;2;4;2;4;1;1;99;6;2;5;2;5;4;6;3
3321;2;67;4;2;3;2;98;0;4;6;1;1;-77;1;2;1;2;2;3;2;3;1;3;1;3;4;3;4;3;4;6;2;3;1;2;8;1;2;2;3;2;2;2;2;2;1;2;2;2;4;3;1;1;1;4;2;2;2;3;0;0;0;1;4;4;3;3;4;3;4;4;4;2;3;4;4;7
3382;2;68;4;2;1;2;162;0;6;4;1;1;-77;2;5;4;5;3;4;3;4;3;4;3;4;4;3;4;2;6;5;4;4;2;2;8;2;3;2;1;1;1;1;1;2;1;3;4;1;4;2;1;1;1;4;1;1;2;3;-99;-99;-99;1;4;4;2;3;4;3;5;5;6;2;6;6;5;1
3433;2;55;3;3;3;2;128;0;6;6;1;1;-77;2;4;2;4;3;4;4;4;2;4;2;4;4;2;4;2;6;6;2;2;2;2;8;4;3;3;3;3;3;3;3;3;3;3;3;2;4;4;4;1;1;4;2;3;3;5;2;-99;-99;3;4;4;4;4;4;5;5;3;5;2;5;5;5;1
3439;2;55;3;2;3;1;175;199;7;6;1;1;1;1;3;1;3;2;2;2;2;1;1;1;1;3;3;3;3;7;6;3;3;6;2;8;5;3;3;1;1;1;NA;2;3;2;2;3;2;2;4;NA;NA;1;4;2;2;2;3;-99;-99;-99;1;3;3;3;3;3;4;4;4;4;4;4;4;4;1
3463;2;54;3;2;3;1;150;174;6;6;1;1;1;1;4;1;1;1;1;1;1;1;1;1;1;3;3;3;3;6;6;1;1;4;2;8;1;5;5;5;5;5;5;5;5;5;3;1;1;5;5;1;1;4;4;5;5;5;5;0;0;0;1;4;4;4;1;4;3;2;2;6;2;5;6;2;1
3470;1;74;4;2;6;1;130;155;4;4;1;1;1;1;3;2;3;2;2;2;2;2;2;2;2;4;3;4;3;5;5;2;2;2;2;8;2;2;3;3;3;1;2;2;3;1;3;3;3;4;3;2;1;1;4;4;2;2;5;0;0;0;2;4;4;3;4;4;5;4;3;4;2;5;5;4;7
3484;1;63;4;2;3;1;116;136;4;4;1;1;1;2;4;2;4;4;4;4;4;1;4;1;4;5;3;5;3;4;4;3;4;4;2;8;2;3;3;3;3;3;3;3;3;3;3;3;3;4;2;3;3;3;4;3;4;4;4;0;0;0;2;4;4;3;3;4;4;4;3;6;2;6;6;6;3
3486;1;45;2;3;4;1;65;78;7;4;1;1;1;2;4;2;4;2;3;2;3;2;3;1;3;4;3;4;3;4;4;3;3;2;2;8;2;3;2;2;3;3;2;1;2;2;4;2;2;5;2;1;1;1;4;2;2;2;5;-99;-99;-99;2;4;4;3;4;3;8;4;5;4;2;5;4;5;1
3521;2;44;2;2;5;1;101;118;5;4;1;1;1;2;5;2;5;2;5;2;5;2;5;2;5;5;4;5;4;6;5;3;3;1;3;8;1;1;1;1;1;1;1;1;1;1;2;2;2;2;4;1;1;1;4;1;1;1;5;1;1;-99;3;3;3;3;3;5;99;4;2;4;2;6;6;6;1
3543;1;42;2;2;2;2;318;0;4;6;1;1;-77;1;2;2;2;1;1;3;3;1;1;3;3;4;4;4;4;4;7;1;1;2;1;8;1;2;2;1;2;1;1;1;1;1;1;1;1;5;4;1;2;1;4;3;3;3;3;-99;1;-99;2;3;4;4;2;3;4;4;3;5;2;5;6;5;1
3568;2;57;3;2;2;1;110;128;6;2;1;1;1;1;4;2;4;2;4;2;4;1;4;2;4;4;4;4;4;6;6;2;3;7;3;8;1;3;3;3;3;3;3;2;2;1;1;2;2;5;4;3;3;4;4;4;5;5;4;0;0;0;4;5;4;3;3;2;2;4;4;6;2;6;6;2;1
3622;2;58;3;3;5;2;95;0;5;5;1;1;-77;2;4;1;2;3;4;2;3;2;3;2;3;4;3;4;3;6;5;3;3;4;2;8;4;2;2;3;3;1;2;1;3;1;2;3;3;4;3;1;1;1;4;4;1;1;5;0;0;0;1;4;3;3;2;4;99;3;4;5;3;5;6;2;1
3623;2;44;2;3;1;1;43;46;5;5;1;1;1;2;4;4;4;2;2;2;2;2;4;4;4;2;2;3;3;5;3;3;2;1;3;8;2;5;3;3;2;2;1;3;2;2;4;3;3;3;4;2;1;1;4;4;4;4;5;-99;2;-99;2;4;4;4;4;4;4;5;5;4;2;5;6;6;3
3633;2;55;3;2;3;1;55;65;1;1;1;1;1;5;3;5;2;3;3;4;2;3;3;4;2;3;3;4;3;1;1;3;3;1;5;8;1;3;3;2;3;1;1;2;2;1;2;2;2;4;2;1;1;1;4;2;3;3;5;0;0;0;1;3;4;3;4;4;4;3;3;4;2;5;5;5;1
3711;2;32;2;2;1;1;55;67;3;4;3;1;1;1;5;1;4;4;3;1;3;1;4;1;4;4;3;5;3;3;4;3;3;2;3;8;1;1;1;2;3;2;1;2;1;1;3;3;1;4;4;1;1;1;4;1;1;2;5;0;0;0;1;2;4;2;4;4;99;4;5;5;2;6;6;5;1
3719;2;69;4;3;3;1;156;175;3;2;1;1;1;2;3;2;2;2;2;2;3;3;3;3;3;2;2;2;2;2;2;4;4;5;2;8;1;2;1;1;1;1;2;2;2;1;3;3;3;3;3;1;1;1;2;2;2;2;4;0;0;0;1;5;4;4;3;5;4;2;2;5;2;2;5;5;7
3728;2;49;3;2;6;2;253;0;6;5;1;1;-77;1;5;1;5;3;5;3;5;2;5;3;5;5;3;5;3;6;4;1;2;6;2;8;2;2;2;3;3;1;2;2;3;1;3;2;2;5;4;3;2;1;4;1;1;1;3;-99;-99;-99;1;4;4;3;3;5;1;3;3;5;2;6;NA;7;6
3764;1;31;2;3;4;1;50;63;4;4;1;1;1;1;5;3;3;3;3;3;3;1;5;1;4;5;4;4;3;4;4;4;3;4;2;8;2;1;1;2;2;2;1;1;1;1;3;3;3;3;3;1;1;1;3;3;3;3;5;1;-99;-99;2;3;3;3;3;3;5;4;4;4;4;4;4;4;1
3824;2;35;2;2;3;2;56;0;1;1;1;1;-77;1;4;1;4;1;4;1;4;1;2;1;1;2;3;2;2;1;1;1;1;1;2;8;4;1;1;1;1;1;1;1;1;1;2;2;2;3;4;1;1;1;3;2;3;3;4;1;-99;1;2;1;4;3;3;2;4;3;2;4;1;3;5;5;1
3827;1;35;2;3;2;2;109;0;5;5;1;1;-77;1;5;1;5;1;5;1;5;1;5;1;4;5;1;5;2;5;6;3;3;6;2;8;3;1;2;1;3;2;2;2;3;1;2;1;2;5;4;2;1;1;4;2;2;2;5;1;-99;-99;2;4;4;3;3;4;5;5;2;5;2;6;5;6;1
3841;2;32;2;3;3;1;105;127;3;4;1;1;1;1;5;1;5;4;5;4;5;1;4;1;5;4;2;4;2;2;4;2;4;4;2;8;2;2;1;2;2;1;2;2;2;1;3;3;3;4;4;1;2;1;4;1;1;2;5;1;0;0;2;3;4;3;3;4;6;5;5;3;2;3;5;5;5
3866;1;45;2;2;2;2;74;0;6;6;1;1;-77;1;1;1;2;1;2;1;2;1;3;1;3;4;3;4;3;6;6;3;3;2;2;8;2;3;3;3;3;3;3;3;3;3;3;3;2;5;3;1;1;1;4;1;1;1;5;-99;-99;2;2;4;99;99;99;3;3;5;4;4;2;5;4;5;1
3883;2;39;2;2;4;2;184;0;1;4;3;1;-77;1;4;1;4;5;3;5;3;2;4;2;4;4;3;4;2;4;4;1;1;2;3;8;1;1;1;1;1;1;1;1;1;1;3;3;3;5;2;3;4;1;4;1;3;4;99;0;0;0;1;2;3;3;5;4;2;4;2;6;2;5;6;2;3
3892;2;33;2;3;4;2;699;0;3;4;1;1;-77;2;5;1;3;4;4;4;4;4;5;1;4;4;2;4;3;2;3;3;3;4;3;8;4;3;3;3;4;2;4;1;2;4;3;5;2;3;4;2;2;1;4;1;1;1;5;-99;-99;-99;1;3;4;3;3;5;5;4;6;6;2;6;6;5;8
3901;1;53;3;3;5;2;147;0;2;6;1;1;-77;1;4;2;4;3;4;2;4;2;4;2;4;4;2;4;2;2;6;1;3;2;2;8;1;1;1;1;2;1;1;1;1;1;4;1;1;5;4;1;1;1;4;3;3;4;3;-99;-99;-99;3;4;4;3;99;4;5;6;4;5;2;6;6;4;1
4005;1;51;3;2;4;1;81;93;4;3;1;1;1;1;2;1;2;4;4;4;3;1;3;1;4;4;3;4;2;6;5;2;2;1;2;8;1;2;1;1;2;1;2;1;1;1;2;3;2;5;4;1;1;1;1;2;2;1;3;-99;-99;-99;2;1;2;3;3;4;3;6;6;7;2;7;5;6;7
4138;2;45;2;3;1;2;150;0;6;6;1;1;-77;2;2;2;1;2;2;4;2;2;2;2;2;4;3;4;3;6;6;2;2;3;2;8;3;2;2;2;2;2;2;2;2;2;1;1;1;5;4;1;1;1;5;2;2;2;4;-99;-99;-99;1;4;4;3;4;4;5;5;5;5;2;3;5;5;1
4208;2;46;3;2;6;1;83;103;4;4;1;1;1;2;4;2;4;2;4;2;4;2;4;2;4;4;2;4;2;4;4;3;3;3;2;8;3;3;3;3;3;3;3;3;3;3;3;2;2;3;4;1;1;1;4;2;2;2;3;-99;1;2;2;4;4;3;3;3;3;5;4;5;2;4;5;5;5
4235;1;61;4;2;1;2;125;0;6;3;3;2;-77;1;1;1;1;2;3;3;3;2;3;3;3;3;3;5;4;6;4;3;3;2;2;8;3;1;1;1;1;1;1;1;2;1;2;3;3;3;4;1;1;1;4;5;2;2;3;-99;-99;-99;2;3;3;3;3;3;5;4;4;4;2;5;5;1;1
4242;2;53;3;2;2;1;161;186;5;6;1;1;1;1;4;2;4;3;3;3;3;2;3;2;3;4;3;4;3;4;6;3;3;4;2;8;1;2;2;1;1;1;2;1;2;1;3;3;3;4;3;1;1;1;4;4;4;4;4;0;0;0;2;3;4;4;2;3;4;4;3;5;2;5;6;4;8
4276;2;58;3;2;2;2;143;0;6;5;1;1;-77;1;3;2;3;3;3;3;3;2;3;2;3;4;3;4;3;6;5;3;3;7;2;8;2;2;2;2;2;1;1;2;2;1;2;3;3;4;2;3;1;1;4;4;3;3;4;-99;-99;-99;3;3;3;3;3;3;3;4;3;5;2;4;3;4;1
4300;2;53;3;2;4;1;156;179;6;6;1;1;1;2;4;4;5;4;3;4;4;4;5;4;5;4;3;4;2;5;6;4;4;4;2;8;2;2;2;2;2;2;2;2;2;2;2;3;2;4;3;1;1;1;4;2;2;2;3;-99;-99;-99;2;5;4;4;3;4;4;6;4;5;2;5;6;5;6
4302;1;58;3;2;1;2;135;0;5;5;1;1;-77;1;3;1;3;1;3;3;3;1;3;1;3;5;3;5;3;5;5;3;3;7;2;8;3;3;3;3;3;3;3;3;3;3;3;3;3;3;3;3;1;1;4;5;5;5;5;-99;-99;-99;1;3;3;3;3;3;3;4;4;4;2;3;4;4;1
4306;2;49;3;2;6;2;68;0;6;4;3;1;-77;2;4;2;4;2;4;3;4;3;3;3;3;3;3;3;3;4;4;2;2;1;2;8;2;3;3;2;2;2;3;3;2;2;3;3;3;3;4;1;1;1;4;2;3;3;4;0;0;0;2;3;3;3;3;3;99;4;3;4;2;5;5;2;1
4356;2;50;3;2;6;1;148;177;5;5;1;1;1;1;1;2;1;3;3;3;2;1;2;3;2;5;4;4;4;5;4;2;2;1;2;8;3;3;3;2;3;3;3;2;4;3;3;2;2;2;2;4;1;1;4;4;2;4;4;-99;-99;-99;4;3;99;99;2;3;99;4;4;5;2;6;5;4;8
4382;1;65;4;2;4;2;65;0;1;4;1;1;-77;2;4;3;4;1;2;NA;3;1;1;1;4;5;3;5;2;1;4;3;3;4;3;8;1;1;1;2;1;1;1;2;1;1;2;3;5;3;4;3;4;3;5;1;1;1;3;-99;-99;-99;2;5;4;3;4;5;3;3;5;6;2;3;6;7;7
4394;2;59;3;2;1;1;1163;1180;3;6;1;1;1;2;4;4;4;5;5;4;3;2;4;2;4;4;2;4;2;4;6;3;4;6;2;8;4;1;1;2;2;2;2;2;2;1;3;4;3;4;2;3;1;1;4;4;4;4;5;2;-99;1;3;4;4;3;3;3;99;5;6;5;2;6;4;5;1
4406;1;52;3;2;6;2;144;0;4;2;1;1;-77;5;5;3;3;4;4;3;3;4;4;4;4;4;3;4;4;3;2;3;4;4;3;8;2;3;2;2;2;2;2;2;2;2;4;4;3;4;4;1;1;1;4;1;1;2;5;0;0;0;1;5;4;4;3;4;4;3;4;4;2;3;5;4;1
